period_id,time,u,u2,y1,y2
0,569.9,0,8,3.7109,4.0527
0,570,0,8,3.7061,4.0527
0,570.1,0,8,3.7158,4.0674
0,570.2,0,8,3.7354,4.0283
0,570.3,0,8,3.7207,4.0186
0,570.4,0,8,3.7305,4.0234
0,570.5,0,8,3.7305,4.0283
0,570.6,0,8,3.7061,4.0381
0,570.7,0,8,3.7012,4.043
0,570.8,0,8,3.7549,4.0381
0,570.9,0,8,3.7256,4.0332
0,571,0,8,3.7305,4.0381
0,571.1,0,8,3.7256,4.0625
0,571.2,0,8,3.7256,4.0186
0,571.3,0,8,3.7354,4.0186
0,571.4,0,8,3.7354,4.0332
0,571.5,0,8,3.7207,4.043
0,571.6,0,8,3.7402,4.0186
0,571.7,0,8,3.7158,4.0381
0,571.8,0,8,3.7061,4.0381
0,571.9,0,8,3.7158,4.0625
0,572,0,8,3.7354,4.0381
0,572.1,0,8,3.7207,4.0527
0,572.2,0,8,3.7158,4.043
0,572.3,0,8,3.7256,4.0381
0,572.4,0,8,3.6963,4.0381
0,572.5,0,8,3.7256,4.0381
0,572.6,0,8,3.7207,4.0381
0,572.7,0,8,3.7354,4.0527
0,572.8,0,8,3.7402,4.0625
0,572.9,0,8,3.7305,4.0576
0,573,0,8,3.7402,4.043
0,573.1,0,8,3.7354,4.0381
0,573.2,0,8,3.7158,4.0381
0,573.3,0,8,3.7305,4.043
0,573.4,0,8,3.7061,4.0332
0,573.5,0,8,3.7061,4.0234
0,573.6,0,8,3.7354,4.0479
0,573.7,0,8,3.7354,4.0283
0,573.8,0,8,3.7012,4.0479
0,573.9,0,8,3.7109,4.0283
0,574,0,8,3.7256,4.0234
0,574.1,0,8,3.7305,4.0088
0,574.2,0,8,3.7012,4.0186
0,574.3,0,8,3.7354,4.0332
0,574.4,0,8,3.7256,4.0479
0,574.5,0,8,3.7305,4.0381
0,574.6,0,8,3.7256,4.0527
0,574.7,0,8,3.7354,4.0234
0,574.8,0,8,3.7012,4.0381
0,574.9,0,8,3.7305,4.0283
0,575,0,8,3.7305,4.0186
0,575.1,0,8,3.7402,4.0283
0,575.2,0,8,3.7354,4.0479
0,575.3,0,8,3.7354,4.0479
0,575.4,0,8,3.7256,4.0381
0,575.5,0,8,3.7012,4.0283
0,575.6,0,8,3.7109,4.0283
0,575.7,0,8,3.7402,4.0332
0,575.8,0,8,3.6963,4.0381
0,575.9,0,8,3.7158,4.0479
0,576,0,8,3.7012,4.043
0,576.1,0,8,3.7256,4.0381
0,576.2,0,8,3.75,4.0234
0,576.3,0,8,3.7158,4.0381
0,576.4,0,8,3.7158,4.0332
0,576.5,0,8,3.7012,4.0234
0,576.6,0,8,3.7305,4.0186
0,576.7,0,8,3.7354,4.043
0,576.8,0,8,3.7158,4.0625
0,576.9,0,8,3.7012,4.0332
0,577,0,8,3.7256,4.0332
0,577.1,0,8,3.7402,4.0381
0,577.2,0,8,3.6963,4.043
0,577.3,0,8,3.6963,4.0527
0,577.4,0,8,3.7061,4.043
0,577.5,0,8,3.7158,4.0479
0,577.6,0,8,3.7158,4.0088
0,577.7,0,8,3.6963,4.0332
0,577.8,0,8,3.7109,4.0527
0,577.9,0,8,3.7012,4.0479
0,578,0,8,3.7305,4.0234
0,578.1,0,8,3.7109,4.043
0,578.2,0,8,3.7354,4.0234
0,578.3,0,8,3.7158,4.0479
0,578.4,0,8,3.7012,4.043
0,578.5,0,8,3.6963,4.0381
0,578.6,0,8,3.7012,4.043
0,578.7,0,8,3.7354,4.0381
0,578.8,0,8,3.7305,4.043
0,578.9,0,8,3.7256,4.0039
0,579,0,8,3.7158,4.0381
0,579.1,0,8,3.7061,4.0576
0,579.2,0,8,3.7158,4.0381
0,579.3,0,8,3.6963,4.043
0,579.4,0,8,3.7256,4.0479
0,579.5,0,8,3.7354,4.0234
0,579.6,0,8,3.6963,4.0576
0,579.7,0,8,3.7158,4.0479
0,579.8,0,8,3.7207,4.0234
0,579.9,0,8,3.7061,4.0479
0,580,0,8,3.7207,4.0381
0,580.1,0,8,3.6963,4.043
0,580.2,0,8,3.6963,4.043
0,580.3,0,8,3.7061,4.043
0,580.4,0,8,3.7305,4.0332
0,580.5,0,8,3.7207,4.0283
0,580.6,0,8,3.7305,4.0234
0,580.7,0,8,3.6963,4.0479
0,580.8,0,8,3.7158,4.0186
0,580.9,0,8,3.6963,4.043
0,581,0,8,3.7207,4.0186
0,581.1,0,8,3.7305,4.0234
0,581.2,0,8,3.7109,4.0332
0,581.3,0,8,3.6914,4.043
0,581.4,0,8,3.7109,4.0479
0,581.5,0,8,3.7061,4.0381
0,581.6,0,8,3.7012,4.0381
0,581.7,0,8,3.7012,4.0381
0,581.8,0,8,3.7109,4.0283
0,581.9,0,8,3.7012,4.0479
0,582,0,8,3.7061,4.0186
0,582.1,0,8,3.7207,4.0137
0,582.2,0,8,3.7354,4.0283
0,582.3,0,8,3.7012,4.0332
0,582.4,0,8,3.6963,4.0479
0,582.5,0,8,3.7207,4.0283
0,582.6,0,8,3.7305,4.0381
0,582.7,0,8,3.7158,4.0234
0,582.8,0,8,3.6963,4.0381
0,582.9,0,8,3.7207,4.0234
0,583,0,8,3.6914,4.0527
0,583.1,0,8,3.7158,4.0527
0,583.2,0,8,3.7158,4.0479
0,583.3,0,8,3.7256,4.0186
0,583.4,0,8,3.7061,4.0381
0,583.5,0,8,3.7109,4.0137
0,583.6,0,8,3.7109,4.043
0,583.7,0,8,3.7207,4.0625
0,583.8,0,8,3.7012,4.0479
0,583.9,0,8,3.7305,4.0137
0,584,0,8,3.7061,4.0576
0,584.1,0,8,3.7207,4.0332
0,584.2,0,8,3.7061,4.043
0,584.3,0,8,3.7256,4.043
0,584.4,0,8,3.7061,4.0381
0,584.5,0,8,3.7207,4.0479
0,584.6,0,8,3.7012,4.0479
0,584.7,0,8,3.7012,4.0137
0,584.8,0,8,3.7109,4.0234
0,584.9,0,8,3.7158,4.0234
0,585,0,8,3.7305,4.0234
0,585.1,0,8,3.7012,4.0186
0,585.2,0,8,3.7207,4.0186
0,585.3,0,8,3.7207,4.0088
0,585.4,0,8,3.7256,4.0332
0,585.5,0,8,3.7305,4.0137
0,585.6,0,8,3.7256,4.0283
0,585.7,0,8,3.6914,4.0479
0,585.8,0,8,3.6914,4.043
0,585.9,0,8,3.7109,4.0186
0,586,0,8,3.7012,4.043
0,586.1,0,8,3.6865,4.0332
0,586.2,0,8,3.7256,4.0137
0,586.3,0,8,3.7207,4.0137
0,586.4,0,8,3.6963,4.0332
0,586.5,0,8,3.6914,4.0088
0,586.6,0,8,3.7061,4.0186
0,586.7,0,8,3.7305,4.0283
0,586.8,0,8,3.7061,4.0234
0,586.9,0,8,3.6963,4.0381
0,587,0,8,3.6963,4.0186
0,587.1,0,8,3.7061,4.0186
0,587.2,0,8,3.7207,4.0137
0,587.3,0,8,3.7061,4.0186
0,587.4,0,8,3.7305,4.0039
0,587.5,0,8,3.7158,4.0234
0,587.6,0,8,3.7158,4.0332
0,587.7,0,8,3.7061,4.043
0,587.8,0,8,3.6963,4.0332
0,587.9,0,8,3.7109,4.0332
0,588,0,8,3.6914,4.0479
0,588.1,0,8,3.7256,4.0039
0,588.2,0,8,3.6963,4.0527
0,588.3,0,8,3.7207,4.0332
0,588.4,0,8,3.7256,4.0332
0,588.5,0,8,3.7061,4.0283
0,588.6,0,8,3.6963,4.0381
0,588.7,0,8,3.7158,4.0479
0,588.8,0,8,3.7305,4.0479
0,588.9,0,8,3.7256,4.0137
0,589,0,8,3.7012,4.0186
0,589.1,0,8,3.7354,4.0479
0,589.2,0,8,3.6914,4.043
0,589.3,0,8,3.7158,4.043
0,589.4,0,8,3.7305,4.0332
0,589.5,0,8,3.7158,4.0527
0,589.6,0,8,3.7207,4.0283
0,589.7,0,8,3.7109,4.0479
0,589.8,0,8,3.7012,4.0479
0,589.9,0,8,3.7354,4.0186
0,590,0,8,3.7109,4.0186
0,590.1,0,8,3.7158,4.0381
0,590.2,0,8,3.7256,4.043
0,590.3,0,8,3.7256,4.0283
0,590.4,0,8,3.7207,4.0234
0,590.5,0,8,3.7158,4.0186
0,590.6,0,8,3.7109,4.0283
0,590.7,0,8,3.7012,4.0234
0,590.8,0,8,3.7256,4.043
0,590.9,0,8,3.6963,4.0283
0,591,0,8,3.7207,4.0137
0,591.1,0,8,3.7061,4.0381
0,591.2,0,8,3.7061,4.0234
0,591.3,0,8,3.7012,4.0479
0,591.4,0,8,3.7305,4.0283
0,591.5,0,8,3.7012,4.0479
0,591.6,0,8,3.7012,4.0479
0,591.7,0,8,3.7305,4.0381
0,591.8,0,8,3.7256,4.043
0,591.9,0,8,3.7061,4.0479
0,592,0,8,3.7256,4.0332
0,592.1,0,8,3.7012,4.0381
0,592.2,0,8,3.7061,4.0381
0,592.3,0,8,3.6914,4.0283
0,592.4,0,8,3.7109,4.0283
0,592.5,0,8,3.7256,4.0479
0,592.6,0,8,3.7207,4.0283
0,592.7,0,8,3.7012,4.0625
0,592.8,0,8,3.7305,4.0234
0,592.9,0,8,3.7207,4.0137
0,593,0,8,3.7305,4.0137
0,593.1,0,8,3.7207,4.0088
0,593.2,0,8,3.7207,4.0186
0,593.3,0,8,3.6963,4.0137
0,593.4,0,8,3.7256,4.0479
0,593.5,0,8,3.6963,4.0234
0,593.6,0,8,3.7012,4.0479
0,593.7,0,8,3.7354,4.0088
0,593.8,0,8,3.7109,4.0332
0,593.9,0,8,3.7012,4.0283
0,594,0,8,3.7109,4.0332
0,594.1,0,8,3.7207,4.0234
0,594.2,0,8,3.7305,4.0234
0,594.3,0,8,3.7061,4.0332
0,594.4,0,8,3.7012,4.0381
0,594.5,0,8,3.6914,4.0527
0,594.6,0,8,3.7158,4.0527
0,594.7,0,8,3.7354,4.0479
0,594.8,0,8,3.7109,4.0234
0,594.9,0,8,3.7256,4.0332
0,595,0,8,3.7305,4.0137
0,595.1,0,8,3.7256,4.0479
0,595.2,0,8,3.7354,4.0137
0,595.3,0,8,3.7158,4.0186
0,595.4,0,8,3.7354,4.0283
0,595.5,0,8,3.7305,4.0186
0,595.6,0,8,3.7354,4.0088
0,595.7,0,8,3.7012,4.0479
0,595.8,0,8,3.7354,4.0332
0,595.9,0,8,3.7158,4.0283
0,596,0,8,3.7256,4.0137
0,596.1,0,8,3.7109,4.0381
0,596.2,0,8,3.7061,4.0088
0,596.3,0,8,3.7158,4.0381
0,596.4,0,8,3.7402,4.0186
0,596.5,0,8,3.7109,4.043
0,596.6,0,8,3.7354,4.0186
0,596.7,0,8,3.7305,4.0283
0,596.8,0,8,3.7305,4.043
0,596.9,0,8,3.7207,4.0674
0,597,0,8,3.7012,4.043
0,597.1,0,8,3.7109,4.0332
0,597.2,0,8,3.7354,4.0186
0,597.3,0,8,3.7061,4.0625
0,597.4,0,8,3.7109,4.0479
0,597.5,0,8,3.7402,4.0186
0,597.6,0,8,3.7207,4.0332
0,597.7,0,8,3.7109,4.0332
0,597.8,0,8,3.7109,4.043
0,597.9,0,8,3.7061,4.0479
0,598,0,8,3.7305,4.0039
0,598.1,0,8,3.7354,4.0283
0,598.2,0,8,3.6914,4.0527
0,598.3,0,8,3.7061,4.043
0,598.4,0,8,3.7109,4.0283
0,598.5,0,8,3.7061,4.0479
0,598.6,0,8,3.7402,4.0137
0,598.7,0,8,3.7109,4.0137
0,598.8,0,8,3.7305,4.0186
0,598.9,0,8,3.7354,4.0283
0,599,0,8,3.7061,4.043
0,599.1,0,8,3.7354,4.0137
0,599.2,0,8,3.7402,4.0186
0,599.3,0,8,3.7354,4.0234
0,599.4,0,8,3.7354,4.0137
0,599.5,0,8,3.7061,4.0332
0,599.6,0,8,3.7109,4.043
0,599.7,0,8,3.7158,4.0283
0,599.8,0,8,3.7061,4.0479
1,869.9,1,8,4.5068,4.5752
1,870,1,8,4.4971,4.5801
1,870.1,1,8,4.5166,4.5605
1,870.2,1,8,4.5264,4.6045
1,870.3,1,8,4.4824,4.5801
1,870.4,1,8,4.4775,4.5801
1,870.5,1,8,4.4922,4.6143
1,870.6,1,8,4.4727,4.585
1,870.7,1,8,4.5312,4.5898
1,870.8,1,8,4.4775,4.5898
1,870.9,1,8,4.502,4.5703
1,871,1,8,4.4922,4.5947
1,871.1,1,8,4.4971,4.5898
1,871.2,1,8,4.5117,4.5605
1,871.3,1,8,4.5117,4.6045
1,871.4,1,8,4.502,4.5752
1,871.5,1,8,4.5117,4.5898
1,871.6,1,8,4.5117,4.5947
1,871.7,1,8,4.5117,4.5605
1,871.8,1,8,4.5068,4.6191
1,871.9,1,8,4.5117,4.5801
1,872,1,8,4.4775,4.5996
1,872.1,1,8,4.4971,4.5752
1,872.2,1,8,4.4775,4.6094
1,872.3,1,8,4.4775,4.5898
1,872.4,1,8,4.541,4.6191
1,872.5,1,8,4.5068,4.5703
1,872.6,1,8,4.5068,4.5752
1,872.7,1,8,4.4775,4.5801
1,872.8,1,8,4.4971,4.5801
1,872.9,1,8,4.502,4.5996
1,873,1,8,4.5068,4.5947
1,873.1,1,8,4.4873,4.5996
1,873.2,1,8,4.5312,4.5703
1,873.3,1,8,4.502,4.5654
1,873.4,1,8,4.4775,4.5752
1,873.5,1,8,4.5508,4.5947
1,873.6,1,8,4.4971,4.5703
1,873.7,1,8,4.502,4.585
1,873.8,1,8,4.4971,4.5752
1,873.9,1,8,4.5068,4.5752
1,874,1,8,4.5361,4.5801
1,874.1,1,8,4.5068,4.5459
1,874.2,1,8,4.5557,4.5557
1,874.3,1,8,4.5166,4.5654
1,874.4,1,8,4.4873,4.5703
1,874.5,1,8,4.5068,4.5459
1,874.6,1,8,4.5166,4.6289
1,874.7,1,8,4.4922,4.5605
1,874.8,1,8,4.4873,4.5703
1,874.9,1,8,4.5166,4.6045
1,875,1,8,4.4971,4.5752
1,875.1,1,8,4.5166,4.6191
1,875.2,1,8,4.5166,4.5898
1,875.3,1,8,4.5117,4.5752
1,875.4,1,8,4.4971,4.6094
1,875.5,1,8,4.5264,4.5898
1,875.6,1,8,4.5117,4.5703
1,875.7,1,8,4.5508,4.5898
1,875.8,1,8,4.5215,4.5947
1,875.9,1,8,4.5215,4.5947
1,876,1,8,4.5117,4.585
1,876.1,1,8,4.5215,4.6045
1,876.2,1,8,4.541,4.5947
1,876.3,1,8,4.5117,4.5752
1,876.4,1,8,4.4824,4.5654
1,876.5,1,8,4.5166,4.5508
1,876.6,1,8,4.4922,4.5947
1,876.7,1,8,4.5312,4.5605
1,876.8,1,8,4.5312,4.6191
1,876.9,1,8,4.5117,4.5801
1,877,1,8,4.5361,4.585
1,877.1,1,8,4.541,4.5752
1,877.2,1,8,4.5361,4.5996
1,877.3,1,8,4.5312,4.541
1,877.4,1,8,4.5312,4.5947
1,877.5,1,8,4.5264,4.5703
1,877.6,1,8,4.5166,4.585
1,877.7,1,8,4.5117,4.5654
1,877.8,1,8,4.5166,4.5703
1,877.9,1,8,4.5703,4.6143
1,878,1,8,4.5264,4.6094
1,878.1,1,8,4.4971,4.5752
1,878.2,1,8,4.502,4.5898
1,878.3,1,8,4.5264,4.585
1,878.4,1,8,4.5312,4.5947
1,878.5,1,8,4.5361,4.5898
1,878.6,1,8,4.5215,4.5898
1,878.7,1,8,4.502,4.6045
1,878.8,1,8,4.5215,4.6045
1,878.9,1,8,4.5361,4.5703
1,879,1,8,4.5068,4.6143
1,879.1,1,8,4.4971,4.5703
1,879.2,1,8,4.5215,4.5605
1,879.3,1,8,4.5068,4.6094
1,879.4,1,8,4.502,4.6094
1,879.5,1,8,4.5508,4.6338
1,879.6,1,8,4.5459,4.5703
1,879.7,1,8,4.5312,4.585
1,879.8,1,8,4.5264,4.5996
1,879.9,1,8,4.5068,4.5801
1,880,1,8,4.541,4.5898
1,880.1,1,8,4.5117,4.5947
1,880.2,1,8,4.5215,4.5947
1,880.3,1,8,4.541,4.585
1,880.4,1,8,4.5068,4.5557
1,880.5,1,8,4.5361,4.5703
1,880.6,1,8,4.5361,4.6484
1,880.7,1,8,4.5508,4.585
1,880.8,1,8,4.5166,4.6045
1,880.9,1,8,4.5068,4.6143
1,881,1,8,4.5166,4.5898
1,881.1,1,8,4.5752,4.6045
1,881.2,1,8,4.5068,4.5898
1,881.3,1,8,4.502,4.5898
1,881.4,1,8,4.5117,4.5605
1,881.5,1,8,4.5117,4.5752
1,881.6,1,8,4.5215,4.5996
1,881.7,1,8,4.5557,4.6143
1,881.8,1,8,4.541,4.5557
1,881.9,1,8,4.5361,4.5703
1,882,1,8,4.5117,4.5996
1,882.1,1,8,4.502,4.6143
1,882.2,1,8,4.585,4.6191
1,882.3,1,8,4.5361,4.6191
1,882.4,1,8,4.5361,4.5898
1,882.5,1,8,4.541,4.6143
1,882.6,1,8,4.5166,4.6191
1,882.7,1,8,4.5312,4.585
1,882.8,1,8,4.5508,4.6191
1,882.9,1,8,4.5459,4.5605
1,883,1,8,4.5215,4.5947
1,883.1,1,8,4.5361,4.5654
1,883.2,1,8,4.5215,4.5947
1,883.3,1,8,4.5557,4.5996
1,883.4,1,8,4.5166,4.5801
1,883.5,1,8,4.5117,4.5947
1,883.6,1,8,4.5459,4.5947
1,883.7,1,8,4.541,4.6143
1,883.8,1,8,4.5215,4.5898
1,883.9,1,8,4.5703,4.6045
1,884,1,8,4.5068,4.6191
1,884.1,1,8,4.541,4.5703
1,884.2,1,8,4.502,4.5898
1,884.3,1,8,4.5312,4.5801
1,884.4,1,8,4.541,4.5947
1,884.5,1,8,4.4971,4.5947
1,884.6,1,8,4.5117,4.6094
1,884.7,1,8,4.5215,4.5996
1,884.8,1,8,4.5312,4.5898
1,884.9,1,8,4.5312,4.5752
1,885,1,8,4.5508,4.6387
1,885.1,1,8,4.541,4.585
1,885.2,1,8,4.5166,4.585
1,885.3,1,8,4.5361,4.5752
1,885.4,1,8,4.5312,4.5947
1,885.5,1,8,4.5312,4.6338
1,885.6,1,8,4.5215,4.5654
1,885.7,1,8,4.5264,4.5996
1,885.8,1,8,4.5117,4.5898
1,885.9,1,8,4.5068,4.5996
1,886,1,8,4.5215,4.6094
1,886.1,1,8,4.5654,4.6338
1,886.2,1,8,4.5264,4.5898
1,886.3,1,8,4.5264,4.5801
1,886.4,1,8,4.5068,4.5947
1,886.5,1,8,4.502,4.5654
1,886.6,1,8,4.5312,4.6338
1,886.7,1,8,4.5312,4.5752
1,886.8,1,8,4.502,4.6191
1,886.9,1,8,4.5166,4.585
1,887,1,8,4.5215,4.5996
1,887.1,1,8,4.5312,4.5605
1,887.2,1,8,4.5215,4.624
1,887.3,1,8,4.5166,4.5898
1,887.4,1,8,4.5117,4.6045
1,887.5,1,8,4.5117,4.585
1,887.6,1,8,4.5166,4.5898
1,887.7,1,8,4.5508,4.624
1,887.8,1,8,4.5264,4.5752
1,887.9,1,8,4.5215,4.6045
1,888,1,8,4.4971,4.5801
1,888.1,1,8,4.502,4.5752
1,888.2,1,8,4.5166,4.5654
1,888.3,1,8,4.5264,4.6045
1,888.4,1,8,4.5264,4.6045
1,888.5,1,8,4.5068,4.5752
1,888.6,1,8,4.5166,4.5947
1,888.7,1,8,4.5215,4.5654
1,888.8,1,8,4.541,4.6143
1,888.9,1,8,4.5068,4.5947
1,889,1,8,4.5068,4.5947
1,889.1,1,8,4.5068,4.5898
1,889.2,1,8,4.502,4.5508
1,889.3,1,8,4.5312,4.5605
1,889.4,1,8,4.5654,4.5996
1,889.5,1,8,4.4971,4.5996
1,889.6,1,8,4.5068,4.585
1,889.7,1,8,4.502,4.5703
1,889.8,1,8,4.5068,4.5752
1,889.9,1,8,4.5361,4.6289
1,890,1,8,4.5068,4.5996
1,890.1,1,8,4.4971,4.5801
1,890.2,1,8,4.5068,4.5898
1,890.3,1,8,4.5215,4.585
1,890.4,1,8,4.5068,4.5801
1,890.5,1,8,4.5215,4.5947
1,890.6,1,8,4.5312,4.5996
1,890.7,1,8,4.502,4.5654
1,890.8,1,8,4.5166,4.6289
1,890.9,1,8,4.5215,4.5947
1,891,1,8,4.5117,4.585
1,891.1,1,8,4.5166,4.5752
1,891.2,1,8,4.5068,4.5801
1,891.3,1,8,4.5264,4.6143
1,891.4,1,8,4.502,4.5996
1,891.5,1,8,4.5068,4.5752
1,891.6,1,8,4.5361,4.624
1,891.7,1,8,4.5361,4.5996
1,891.8,1,8,4.5117,4.5703
1,891.9,1,8,4.5068,4.5752
1,892,1,8,4.4824,4.5996
1,892.1,1,8,4.5605,4.6045
1,892.2,1,8,4.5166,4.5654
1,892.3,1,8,4.5361,4.5801
1,892.4,1,8,4.502,4.5898
1,892.5,1,8,4.5117,4.5557
1,892.6,1,8,4.502,4.5801
1,892.7,1,8,4.5312,4.5605
1,892.8,1,8,4.502,4.6045
1,892.9,1,8,4.5117,4.6045
1,893,1,8,4.4922,4.6143
1,893.1,1,8,4.5264,4.5654
1,893.2,1,8,4.5508,4.5898
1,893.3,1,8,4.5068,4.5801
1,893.4,1,8,4.5312,4.6191
1,893.5,1,8,4.4922,4.5898
1,893.6,1,8,4.5117,4.6094
1,893.7,1,8,4.5361,4.6143
1,893.8,1,8,4.4824,4.5801
1,893.9,1,8,4.5117,4.585
1,894,1,8,4.5068,4.5898
1,894.1,1,8,4.541,4.5898
1,894.2,1,8,4.502,4.585
1,894.3,1,8,4.5312,4.624
1,894.4,1,8,4.5166,4.585
1,894.5,1,8,4.5068,4.6045
1,894.6,1,8,4.5264,4.5752
1,894.7,1,8,4.5361,4.5801
1,894.8,1,8,4.5166,4.6191
1,894.9,1,8,4.502,4.6045
1,895,1,8,4.5264,4.5801
1,895.1,1,8,4.502,4.5752
1,895.2,1,8,4.5312,4.5703
1,895.3,1,8,4.5312,4.5654
1,895.4,1,8,4.5215,4.6191
1,895.5,1,8,4.5166,4.6045
1,895.6,1,8,4.4971,4.5752
1,895.7,1,8,4.4922,4.5801
1,895.8,1,8,4.502,4.5947
1,895.9,1,8,4.5215,4.6191
1,896,1,8,4.4873,4.5801
1,896.1,1,8,4.5264,4.5654
1,896.2,1,8,4.5264,4.6045
1,896.3,1,8,4.5117,4.585
1,896.4,1,8,4.5312,4.5752
1,896.5,1,8,4.4824,4.624
1,896.6,1,8,4.5166,4.5947
1,896.7,1,8,4.4824,4.5557
1,896.8,1,8,4.4873,4.5947
1,896.9,1,8,4.5068,4.5654
1,897,1,8,4.5215,4.6045
1,897.1,1,8,4.5117,4.6045
1,897.2,1,8,4.5264,4.5996
1,897.3,1,8,4.5068,4.5996
1,897.4,1,8,4.5312,4.5752
1,897.5,1,8,4.5166,4.5654
1,897.6,1,8,4.5166,4.6191
1,897.7,1,8,4.5166,4.5459
1,897.8,1,8,4.502,4.5703
1,897.9,1,8,4.4971,4.5947
1,898,1,8,4.5312,4.5752
1,898.1,1,8,4.5361,4.624
1,898.2,1,8,4.5215,4.5605
1,898.3,1,8,4.4824,4.5801
1,898.4,1,8,4.5117,4.5605
1,898.5,1,8,4.5068,4.5752
1,898.6,1,8,4.5166,4.5752
1,898.7,1,8,4.541,4.5996
1,898.8,1,8,4.5215,4.5898
1,898.9,1,8,4.5117,4.6191
1,899,1,8,4.4922,4.5898
1,899.1,1,8,4.5068,4.6045
1,899.2,1,8,4.5459,4.6143
1,899.3,1,8,4.4824,4.585
1,899.4,1,8,4.502,4.5508
1,899.5,1,8,4.4873,4.5898
1,899.6,1,8,4.5068,4.5801
1,899.7,1,8,4.502,4.585
1,899.8,1,8,4.5166,4.624
2,1169.9,2,8,5.3076,5.1758
2,1170,2,8,5.3174,5.21
2,1170.1,2,8,5.2588,5.1758
2,1170.2,2,8,5.2979,5.1514
2,1170.3,2,8,5.293,5.166
2,1170.4,2,8,5.293,5.1807
2,1170.5,2,8,5.2979,5.2051
2,1170.6,2,8,5.2686,5.1709
2,1170.7,2,8,5.293,5.1514
2,1170.8,2,8,5.2832,5.1562
2,1170.9,2,8,5.2734,5.1416
2,1171,2,8,5.293,5.1709
2,1171.1,2,8,5.2979,5.1807
2,1171.2,2,8,5.2686,5.1514
2,1171.3,2,8,5.2734,5.1758
2,1171.4,2,8,5.2588,5.1953
2,1171.5,2,8,5.3125,5.1855
2,1171.6,2,8,5.3125,5.166
2,1171.7,2,8,5.2686,5.21
2,1171.8,2,8,5.2734,5.1709
2,1171.9,2,8,5.2539,5.1562
2,1172,2,8,5.293,5.1465
2,1172.1,2,8,5.2783,5.2051
2,1172.2,2,8,5.2979,5.2295
2,1172.3,2,8,5.2686,5.1709
2,1172.4,2,8,5.2588,5.1562
2,1172.5,2,8,5.2637,5.1855
2,1172.6,2,8,5.3027,5.2148
2,1172.7,2,8,5.3125,5.1709
2,1172.8,2,8,5.2686,5.1562
2,1172.9,2,8,5.2686,5.1416
2,1173,2,8,5.293,5.1514
2,1173.1,2,8,5.2979,5.1465
2,1173.2,2,8,5.2588,5.1562
2,1173.3,2,8,5.3027,5.1855
2,1173.4,2,8,5.2686,5.1807
2,1173.5,2,8,5.293,5.1562
2,1173.6,2,8,5.2637,5.1758
2,1173.7,2,8,5.2832,5.2002
2,1173.8,2,8,5.2539,5.2148
2,1173.9,2,8,5.2637,5.1465
2,1174,2,8,5.293,5.1562
2,1174.1,2,8,5.2881,5.1514
2,1174.2,2,8,5.2783,5.1465
2,1174.3,2,8,5.3027,5.21
2,1174.4,2,8,5.2881,5.1953
2,1174.5,2,8,5.2637,5.1807
2,1174.6,2,8,5.3174,5.1758
2,1174.7,2,8,5.2686,5.1758
2,1174.8,2,8,5.3271,5.166
2,1174.9,2,8,5.3076,5.1807
2,1175,2,8,5.2588,5.1367
2,1175.1,2,8,5.2637,5.1807
2,1175.2,2,8,5.2539,5.1758
2,1175.3,2,8,5.249,5.1465
2,1175.4,2,8,5.3027,5.1953
2,1175.5,2,8,5.2344,5.1709
2,1175.6,2,8,5.2588,5.1855
2,1175.7,2,8,5.2588,5.1562
2,1175.8,2,8,5.2686,5.1465
2,1175.9,2,8,5.2979,5.127
2,1176,2,8,5.2979,5.1465
2,1176.1,2,8,5.2783,5.1807
2,1176.2,2,8,5.2783,5.1953
2,1176.3,2,8,5.2637,5.1709
2,1176.4,2,8,5.3076,5.1562
2,1176.5,2,8,5.3027,5.1758
2,1176.6,2,8,5.2441,5.166
2,1176.7,2,8,5.2881,5.1562
2,1176.8,2,8,5.2783,5.1416
2,1176.9,2,8,5.2637,5.1904
2,1177,2,8,5.3027,5.1855
2,1177.1,2,8,5.293,5.2002
2,1177.2,2,8,5.2881,5.1758
2,1177.3,2,8,5.2588,5.2002
2,1177.4,2,8,5.2686,5.1416
2,1177.5,2,8,5.3125,5.1416
2,1177.6,2,8,5.2979,5.2002
2,1177.7,2,8,5.2686,5.1465
2,1177.8,2,8,5.2539,5.1709
2,1177.9,2,8,5.2441,5.1465
2,1178,2,8,5.2832,5.1318
2,1178.1,2,8,5.2881,5.1562
2,1178.2,2,8,5.3076,5.1953
2,1178.3,2,8,5.2832,5.1904
2,1178.4,2,8,5.3174,5.1758
2,1178.5,2,8,5.2979,5.1465
2,1178.6,2,8,5.2881,5.1758
2,1178.7,2,8,5.3027,5.1807
2,1178.8,2,8,5.2686,5.1367
2,1178.9,2,8,5.2637,5.1416
2,1179,2,8,5.2637,5.1465
2,1179.1,2,8,5.2637,5.1758
2,1179.2,2,8,5.293,5.166
2,1179.3,2,8,5.3125,5.1562
2,1179.4,2,8,5.2832,5.1465
2,1179.5,2,8,5.2734,5.1807
2,1179.6,2,8,5.2734,5.166
2,1179.7,2,8,5.3076,5.1562
2,1179.8,2,8,5.3027,5.1758
2,1179.9,2,8,5.2783,5.1318
2,1180,2,8,5.2734,5.1562
2,1180.1,2,8,5.2637,5.1514
2,1180.2,2,8,5.2881,5.1465
2,1180.3,2,8,5.3076,5.1953
2,1180.4,2,8,5.3174,5.1855
2,1180.5,2,8,5.2832,5.1807
2,1180.6,2,8,5.2637,5.1611
2,1180.7,2,8,5.2734,5.127
2,1180.8,2,8,5.2979,5.166
2,1180.9,2,8,5.3076,5.1709
2,1181,2,8,5.2588,5.1416
2,1181.1,2,8,5.293,5.1611
2,1181.2,2,8,5.2881,5.1514
2,1181.3,2,8,5.2588,5.1709
2,1181.4,2,8,5.2979,5.21
2,1181.5,2,8,5.3027,5.1904
2,1181.6,2,8,5.249,5.1709
2,1181.7,2,8,5.2637,5.1416
2,1181.8,2,8,5.2539,5.1953
2,1181.9,2,8,5.3076,5.1807
2,1182,2,8,5.2783,5.1904
2,1182.1,2,8,5.2832,5.1367
2,1182.2,2,8,5.2637,5.1465
2,1182.3,2,8,5.2637,5.1367
2,1182.4,2,8,5.2783,5.1562
2,1182.5,2,8,5.2783,5.2246
2,1182.6,2,8,5.3125,5.1807
2,1182.7,2,8,5.2832,5.1514
2,1182.8,2,8,5.2588,5.166
2,1182.9,2,8,5.249,5.1855
2,1183,2,8,5.2734,5.1758
2,1183.1,2,8,5.293,5.2002
2,1183.2,2,8,5.2686,5.1709
2,1183.3,2,8,5.2734,5.1758
2,1183.4,2,8,5.2539,5.1416
2,1183.5,2,8,5.2686,5.1611
2,1183.6,2,8,5.293,5.1904
2,1183.7,2,8,5.2832,5.1562
2,1183.8,2,8,5.2832,5.1611
2,1183.9,2,8,5.2783,5.1416
2,1184,2,8,5.2881,5.1318
2,1184.1,2,8,5.3027,5.1904
2,1184.2,2,8,5.293,5.1953
2,1184.3,2,8,5.2979,5.1514
2,1184.4,2,8,5.2783,5.1611
2,1184.5,2,8,5.2686,5.1562
2,1184.6,2,8,5.2637,5.166
2,1184.7,2,8,5.2979,5.1709
2,1184.8,2,8,5.2734,5.2051
2,1184.9,2,8,5.293,5.1611
2,1185,2,8,5.2881,5.1758
2,1185.1,2,8,5.2734,5.1416
2,1185.2,2,8,5.3076,5.1953
2,1185.3,2,8,5.3027,5.1953
2,1185.4,2,8,5.2441,5.1611
2,1185.5,2,8,5.249,5.1367
2,1185.6,2,8,5.249,5.1562
2,1185.7,2,8,5.2686,5.166
2,1185.8,2,8,5.2783,5.21
2,1185.9,2,8,5.3027,5.1904
2,1186,2,8,5.249,5.1562
2,1186.1,2,8,5.2588,5.1562
2,1186.2,2,8,5.2637,5.1709
2,1186.3,2,8,5.3125,5.1562
2,1186.4,2,8,5.2686,5.1953
2,1186.5,2,8,5.2539,5.1514
2,1186.6,2,8,5.249,5.1562
2,1186.7,2,8,5.2881,5.1465
2,1186.8,2,8,5.293,5.1562
2,1186.9,2,8,5.3076,5.1953
2,1187,2,8,5.2539,5.166
2,1187.1,2,8,5.2734,5.1465
2,1187.2,2,8,5.2637,5.166
2,1187.3,2,8,5.249,5.1807
2,1187.4,2,8,5.2734,5.1807
2,1187.5,2,8,5.2832,5.21
2,1187.6,2,8,5.2441,5.1758
2,1187.7,2,8,5.2637,5.1611
2,1187.8,2,8,5.2441,5.166
2,1187.9,2,8,5.293,5.1367
2,1188,2,8,5.293,5.1562
2,1188.1,2,8,5.2686,5.1709
2,1188.2,2,8,5.2637,5.1807
2,1188.3,2,8,5.2783,5.1855
2,1188.4,2,8,5.2393,5.1904
2,1188.5,2,8,5.293,5.1904
2,1188.6,2,8,5.2881,5.1807
2,1188.7,2,8,5.2881,5.1562
2,1188.8,2,8,5.2588,5.1855
2,1188.9,2,8,5.2637,5.1514
2,1189,2,8,5.293,5.1416
2,1189.1,2,8,5.3223,5.1709
2,1189.2,2,8,5.2734,5.1807
2,1189.3,2,8,5.2734,5.1562
2,1189.4,2,8,5.2588,5.1904
2,1189.5,2,8,5.2686,5.1807
2,1189.6,2,8,5.2881,5.1953
2,1189.7,2,8,5.293,5.1807
2,1189.8,2,8,5.2832,5.1367
2,1189.9,2,8,5.2832,5.1807
2,1190,2,8,5.2734,5.166
2,1190.1,2,8,5.3174,5.1318
2,1190.2,2,8,5.3125,5.1904
2,1190.3,2,8,5.2832,5.1611
2,1190.4,2,8,5.2734,5.1758
2,1190.5,2,8,5.2588,5.1953
2,1190.6,2,8,5.2734,5.1807
2,1190.7,2,8,5.3076,5.1514
2,1190.8,2,8,5.3125,5.1807
2,1190.9,2,8,5.2881,5.166
2,1191,2,8,5.2539,5.1465
2,1191.1,2,8,5.2637,5.1709
2,1191.2,2,8,5.2881,5.1953
2,1191.3,2,8,5.3027,5.1953
2,1191.4,2,8,5.2734,5.1953
2,1191.5,2,8,5.2783,5.1758
2,1191.6,2,8,5.2539,5.1514
2,1191.7,2,8,5.2686,5.1465
2,1191.8,2,8,5.3076,5.1758
2,1191.9,2,8,5.3027,5.1855
2,1192,2,8,5.2393,5.1807
2,1192.1,2,8,5.2686,5.1514
2,1192.2,2,8,5.2881,5.1367
2,1192.3,2,8,5.293,5.1758
2,1192.4,2,8,5.3125,5.1611
2,1192.5,2,8,5.2637,5.1562
2,1192.6,2,8,5.3027,5.1611
2,1192.7,2,8,5.2588,5.1709
2,1192.8,2,8,5.2637,5.166
2,1192.9,2,8,5.2686,5.1855
2,1193,2,8,5.2881,5.2197
2,1193.1,2,8,5.2881,5.1807
2,1193.2,2,8,5.2539,5.1611
2,1193.3,2,8,5.2686,5.166
2,1193.4,2,8,5.2832,5.1953
2,1193.5,2,8,5.293,5.1758
2,1193.6,2,8,5.2637,5.1611
2,1193.7,2,8,5.249,5.1562
2,1193.8,2,8,5.2686,5.1758
2,1193.9,2,8,5.2734,5.1758
2,1194,2,8,5.2783,5.1758
2,1194.1,2,8,5.3125,5.21
2,1194.2,2,8,5.2686,5.1562
2,1194.3,2,8,5.249,5.166
2,1194.4,2,8,5.2637,5.1416
2,1194.5,2,8,5.2783,5.1416
2,1194.6,2,8,5.3027,5.1611
2,1194.7,2,8,5.249,5.1514
2,1194.8,2,8,5.2441,5.1758
2,1194.9,2,8,5.2588,5.1709
2,1195,2,8,5.2637,5.1855
2,1195.1,2,8,5.2588,5.1855
2,1195.2,2,8,5.3027,5.1953
2,1195.3,2,8,5.2881,5.1514
2,1195.4,2,8,5.2588,5.1562
2,1195.5,2,8,5.249,5.166
2,1195.6,2,8,5.2832,5.166
2,1195.7,2,8,5.3076,5.1611
2,1195.8,2,8,5.2295,5.1758
2,1195.9,2,8,5.3076,5.1855
2,1196,2,8,5.249,5.1562
2,1196.1,2,8,5.2539,5.1611
2,1196.2,2,8,5.2783,5.1758
2,1196.3,2,8,5.2881,5.1611
2,1196.4,2,8,5.2832,5.1416
2,1196.5,2,8,5.2539,5.1758
2,1196.6,2,8,5.2539,5.1807
2,1196.7,2,8,5.293,5.2002
2,1196.8,2,8,5.293,5.1904
2,1196.9,2,8,5.2588,5.1807
2,1197,2,8,5.2539,5.1807
2,1197.1,2,8,5.2881,5.1318
2,1197.2,2,8,5.2686,5.1416
2,1197.3,2,8,5.2686,5.166
2,1197.4,2,8,5.293,5.1562
2,1197.5,2,8,5.2637,5.1562
2,1197.6,2,8,5.2637,5.1416
2,1197.7,2,8,5.2832,5.1514
2,1197.8,2,8,5.2734,5.1855
2,1197.9,2,8,5.2832,5.1855
2,1198,2,8,5.2783,5.1514
2,1198.1,2,8,5.2734,5.1416
2,1198.2,2,8,5.2832,5.1514
2,1198.3,2,8,5.2539,5.1611
2,1198.4,2,8,5.293,5.1807
2,1198.5,2,8,5.2881,5.1855
2,1198.6,2,8,5.2979,5.166
2,1198.7,2,8,5.2881,5.1562
2,1198.8,2,8,5.249,5.1807
2,1198.9,2,8,5.2881,5.1904
2,1199,2,8,5.2832,5.1855
2,1199.1,2,8,5.2783,5.1562
2,1199.2,2,8,5.2734,5.1514
2,1199.3,2,8,5.2783,5.1758
2,1199.4,2,8,5.2734,5.1562
2,1199.5,2,8,5.2979,5.21
2,1199.6,2,8,5.2881,5.2002
2,1199.7,2,8,5.2832,5.1514
2,1199.8,2,8,5.2588,5.1562
3,1469.9,3,8,6.0889,5.7812
3,1470,3,8,6.0791,5.7812
3,1470.1,3,8,6.0986,5.8398
3,1470.2,3,8,6.0986,5.8252
3,1470.3,3,8,6.123,5.7666
3,1470.4,3,8,6.0645,5.791
3,1470.5,3,8,6.0889,5.8057
3,1470.6,3,8,6.1182,5.7959
3,1470.7,3,8,6.1475,5.835
3,1470.8,3,8,6.1133,5.8203
3,1470.9,3,8,6.0742,5.7764
3,1471,3,8,6.0791,5.8203
3,1471.1,3,8,6.123,5.7959
3,1471.2,3,8,6.1426,5.8057
3,1471.3,3,8,6.1182,5.8154
3,1471.4,3,8,6.1133,5.8398
3,1471.5,3,8,6.0986,5.8252
3,1471.6,3,8,6.0791,5.8008
3,1471.7,3,8,6.0938,5.8057
3,1471.8,3,8,6.1279,5.8301
3,1471.9,3,8,6.1133,5.7861
3,1472,3,8,6.084,5.8105
3,1472.1,3,8,6.0938,5.7764
3,1472.2,3,8,6.0742,5.7715
3,1472.3,3,8,6.1377,5.835
3,1472.4,3,8,6.1133,5.791
3,1472.5,3,8,6.1426,5.8105
3,1472.6,3,8,6.1279,5.8057
3,1472.7,3,8,6.1133,5.7764
3,1472.8,3,8,6.0986,5.8008
3,1472.9,3,8,6.1035,5.835
3,1473,3,8,6.1035,5.8398
3,1473.1,3,8,6.0889,5.7715
3,1473.2,3,8,6.0938,5.8105
3,1473.3,3,8,6.0791,5.8105
3,1473.4,3,8,6.1523,5.8008
3,1473.5,3,8,6.123,5.8057
3,1473.6,3,8,6.1377,5.8398
3,1473.7,3,8,6.0742,5.8252
3,1473.8,3,8,6.0645,5.8008
3,1473.9,3,8,6.1182,5.7666
3,1474,3,8,6.1182,5.8301
3,1474.1,3,8,6.1035,5.8057
3,1474.2,3,8,6.0791,5.8252
3,1474.3,3,8,6.0742,5.8057
3,1474.4,3,8,6.0938,5.7715
3,1474.5,3,8,6.1475,5.8105
3,1474.6,3,8,6.1182,5.8057
3,1474.7,3,8,6.1084,5.7959
3,1474.8,3,8,6.0742,5.8154
3,1474.9,3,8,6.0986,5.7715
3,1475,3,8,6.1279,5.7959
3,1475.1,3,8,6.123,5.8105
3,1475.2,3,8,6.123,5.8008
3,1475.3,3,8,6.0938,5.8008
3,1475.4,3,8,6.1084,5.7861
3,1475.5,3,8,6.1182,5.7812
3,1475.6,3,8,6.1328,5.8057
3,1475.7,3,8,6.1377,5.8154
3,1475.8,3,8,6.1133,5.8154
3,1475.9,3,8,6.1084,5.791
3,1476,3,8,6.1133,5.8008
3,1476.1,3,8,6.1523,5.8154
3,1476.2,3,8,6.1182,5.8203
3,1476.3,3,8,6.1328,5.835
3,1476.4,3,8,6.0791,5.8105
3,1476.5,3,8,6.0986,5.7764
3,1476.6,3,8,6.084,5.8057
3,1476.7,3,8,6.1133,5.8301
3,1476.8,3,8,6.1182,5.8301
3,1476.9,3,8,6.167,5.791
3,1477,3,8,6.084,5.7715
3,1477.1,3,8,6.1084,5.7666
3,1477.2,3,8,6.1133,5.8203
3,1477.3,3,8,6.1084,5.8008
3,1477.4,3,8,6.1182,5.8252
3,1477.5,3,8,6.0889,5.8203
3,1477.6,3,8,6.1035,5.791
3,1477.7,3,8,6.084,5.7861
3,1477.8,3,8,6.1084,5.8203
3,1477.9,3,8,6.1133,5.791
3,1478,3,8,6.123,5.791
3,1478.1,3,8,6.0986,5.8008
3,1478.2,3,8,6.1084,5.8057
3,1478.3,3,8,6.0889,5.8057
3,1478.4,3,8,6.123,5.7861
3,1478.5,3,8,6.1133,5.7715
3,1478.6,3,8,6.0889,5.7666
3,1478.7,3,8,6.0986,5.7666
3,1478.8,3,8,6.0938,5.791
3,1478.9,3,8,6.1328,5.8008
3,1479,3,8,6.1035,5.8105
3,1479.1,3,8,6.1035,5.8252
3,1479.2,3,8,6.0938,5.8008
3,1479.3,3,8,6.0938,5.7715
3,1479.4,3,8,6.1279,5.7959
3,1479.5,3,8,6.0986,5.7959
3,1479.6,3,8,6.1328,5.7812
3,1479.7,3,8,6.084,5.7959
3,1479.8,3,8,6.1035,5.7764
3,1479.9,3,8,6.084,5.8057
3,1480,3,8,6.1182,5.8203
3,1480.1,3,8,6.1182,5.8203
3,1480.2,3,8,6.1133,5.8301
3,1480.3,3,8,6.0742,5.791
3,1480.4,3,8,6.1133,5.7812
3,1480.5,3,8,6.1182,5.8057
3,1480.6,3,8,6.0986,5.8252
3,1480.7,3,8,6.1377,5.8105
3,1480.8,3,8,6.0791,5.8105
3,1480.9,3,8,6.0791,5.791
3,1481,3,8,6.0645,5.8057
3,1481.1,3,8,6.1475,5.791
3,1481.2,3,8,6.1133,5.8203
3,1481.3,3,8,6.1328,5.8057
3,1481.4,3,8,6.1084,5.7715
3,1481.5,3,8,6.084,5.8057
3,1481.6,3,8,6.1426,5.8203
3,1481.7,3,8,6.1182,5.7715
3,1481.8,3,8,6.1523,5.7861
3,1481.9,3,8,6.1133,5.7812
3,1482,3,8,6.1133,5.7861
3,1482.1,3,8,6.123,5.8008
3,1482.2,3,8,6.1084,5.8252
3,1482.3,3,8,6.1133,5.8105
3,1482.4,3,8,6.1133,5.8105
3,1482.5,3,8,6.0791,5.7764
3,1482.6,3,8,6.1377,5.7422
3,1482.7,3,8,6.1377,5.8105
3,1482.8,3,8,6.084,5.8301
3,1482.9,3,8,6.123,5.8252
3,1483,3,8,6.1133,5.8008
3,1483.1,3,8,6.1035,5.8105
3,1483.2,3,8,6.0986,5.7715
3,1483.3,3,8,6.1328,5.8203
3,1483.4,3,8,6.0986,5.7764
3,1483.5,3,8,6.0986,5.7715
3,1483.6,3,8,6.0986,5.8057
3,1483.7,3,8,6.0986,5.7764
3,1483.8,3,8,6.1084,5.8057
3,1483.9,3,8,6.123,5.8154
3,1484,3,8,6.1426,5.8203
3,1484.1,3,8,6.0742,5.8203
3,1484.2,3,8,6.0742,5.7959
3,1484.3,3,8,6.0938,5.7861
3,1484.4,3,8,6.1084,5.8154
3,1484.5,3,8,6.1475,5.8252
3,1484.6,3,8,6.1182,5.7861
3,1484.7,3,8,6.0889,5.8057
3,1484.8,3,8,6.1035,5.7861
3,1484.9,3,8,6.1279,5.7764
3,1485,3,8,6.1084,5.8154
3,1485.1,3,8,6.1279,5.8105
3,1485.2,3,8,6.084,5.7715
3,1485.3,3,8,6.1133,5.8203
3,1485.4,3,8,6.1084,5.8105
3,1485.5,3,8,6.1475,5.8203
3,1485.6,3,8,6.1035,5.8057
3,1485.7,3,8,6.0693,5.7764
3,1485.8,3,8,6.1035,5.8301
3,1485.9,3,8,6.1035,5.7812
3,1486,3,8,6.123,5.8203
3,1486.1,3,8,6.1475,5.791
3,1486.2,3,8,6.123,5.8252
3,1486.3,3,8,6.0938,5.7715
3,1486.4,3,8,6.1035,5.7666
3,1486.5,3,8,6.1035,5.791
3,1486.6,3,8,6.084,5.8008
3,1486.7,3,8,6.1084,5.7959
3,1486.8,3,8,6.0938,5.791
3,1486.9,3,8,6.1084,5.7861
3,1487,3,8,6.0938,5.7861
3,1487.1,3,8,6.0889,5.8105
3,1487.2,3,8,6.123,5.7959
3,1487.3,3,8,6.1377,5.835
3,1487.4,3,8,6.0986,5.7861
3,1487.5,3,8,6.084,5.7764
3,1487.6,3,8,6.1133,5.8105
3,1487.7,3,8,6.1328,5.7959
3,1487.8,3,8,6.1182,5.7861
3,1487.9,3,8,6.084,5.7715
3,1488,3,8,6.0986,5.7666
3,1488.1,3,8,6.0889,5.791
3,1488.2,3,8,6.1133,5.8203
3,1488.3,3,8,6.0938,5.7812
3,1488.4,3,8,6.1084,5.8105
3,1488.5,3,8,6.1133,5.8105
3,1488.6,3,8,6.1133,5.791
3,1488.7,3,8,6.1328,5.7959
3,1488.8,3,8,6.1426,5.8398
3,1488.9,3,8,6.1328,5.8203
3,1489,3,8,6.0938,5.8057
3,1489.1,3,8,6.0986,5.7764
3,1489.2,3,8,6.1182,5.7666
3,1489.3,3,8,6.1426,5.8398
3,1489.4,3,8,6.1035,5.8252
3,1489.5,3,8,6.0938,5.8008
3,1489.6,3,8,6.0742,5.791
3,1489.7,3,8,6.0986,5.752
3,1489.8,3,8,6.1084,5.8301
3,1489.9,3,8,6.1133,5.8398
3,1490,3,8,6.1475,5.7861
3,1490.1,3,8,6.0791,5.7715
3,1490.2,3,8,6.0889,5.791
3,1490.3,3,8,6.0938,5.7959
3,1490.4,3,8,6.1377,5.8203
3,1490.5,3,8,6.0986,5.8105
3,1490.6,3,8,6.1328,5.8057
3,1490.7,3,8,6.0791,5.7764
3,1490.8,3,8,6.1133,5.7861
3,1490.9,3,8,6.1182,5.791
3,1491,3,8,6.084,5.8008
3,1491.1,3,8,6.1426,5.7861
3,1491.2,3,8,6.1182,5.7666
3,1491.3,3,8,6.1133,5.7617
3,1491.4,3,8,6.1035,5.7764
3,1491.5,3,8,6.1523,5.8105
3,1491.6,3,8,6.1084,5.8057
3,1491.7,3,8,6.1133,5.8252
3,1491.8,3,8,6.0938,5.7715
3,1491.9,3,8,6.0742,5.752
3,1492,3,8,6.123,5.8301
3,1492.1,3,8,6.1328,5.8252
3,1492.2,3,8,6.1084,5.8008
3,1492.3,3,8,6.1084,5.8105
3,1492.4,3,8,6.1279,5.8252
3,1492.5,3,8,6.1279,5.7666
3,1492.6,3,8,6.1133,5.8105
3,1492.7,3,8,6.1328,5.8105
3,1492.8,3,8,6.1328,5.8105
3,1492.9,3,8,6.123,5.8154
3,1493,3,8,6.1182,5.7812
3,1493.1,3,8,6.1328,5.8057
3,1493.2,3,8,6.1279,5.7959
3,1493.3,3,8,6.1621,5.8154
3,1493.4,3,8,6.1182,5.8203
3,1493.5,3,8,6.0889,5.7959
3,1493.6,3,8,6.1084,5.7861
3,1493.7,3,8,6.123,5.8203
3,1493.8,3,8,6.1426,5.8203
3,1493.9,3,8,6.1328,5.8398
3,1494,3,8,6.123,5.8105
3,1494.1,3,8,6.0791,5.7959
3,1494.2,3,8,6.1621,5.8154
3,1494.3,3,8,6.1377,5.7812
3,1494.4,3,8,6.1377,5.8008
3,1494.5,3,8,6.1328,5.8203
3,1494.6,3,8,6.123,5.7861
3,1494.7,3,8,6.1084,5.8057
3,1494.8,3,8,6.1084,5.8203
3,1494.9,3,8,6.1328,5.791
3,1495,3,8,6.0889,5.8203
3,1495.1,3,8,6.123,5.7861
3,1495.2,3,8,6.1279,5.8203
3,1495.3,3,8,6.1279,5.8447
3,1495.4,3,8,6.1523,5.8301
3,1495.5,3,8,6.1328,5.8105
3,1495.6,3,8,6.1328,5.8252
3,1495.7,3,8,6.084,5.8203
3,1495.8,3,8,6.0986,5.791
3,1495.9,3,8,6.1084,5.8057
3,1496,3,8,6.1279,5.8105
3,1496.1,3,8,6.1279,5.7812
3,1496.2,3,8,6.1279,5.7861
3,1496.3,3,8,6.1182,5.8154
3,1496.4,3,8,6.1133,5.8252
3,1496.5,3,8,6.1377,5.8203
3,1496.6,3,8,6.1279,5.8301
3,1496.7,3,8,6.0986,5.8154
3,1496.8,3,8,6.1035,5.7568
3,1496.9,3,8,6.1182,5.791
3,1497,3,8,6.1572,5.8203
3,1497.1,3,8,6.1475,5.8398
3,1497.2,3,8,6.084,5.7861
3,1497.3,3,8,6.1279,5.7812
3,1497.4,3,8,6.1328,5.7812
3,1497.5,3,8,6.1621,5.8203
3,1497.6,3,8,6.1377,5.8008
3,1497.7,3,8,6.123,5.7959
3,1497.8,3,8,6.084,5.7666
3,1497.9,3,8,6.1035,5.7715
3,1498,3,8,6.1182,5.7715
3,1498.1,3,8,6.1621,5.8398
3,1498.2,3,8,6.1182,5.8008
3,1498.3,3,8,6.0889,5.7812
3,1498.4,3,8,6.0938,5.7812
3,1498.5,3,8,6.1182,5.7812
3,1498.6,3,8,6.1572,5.7861
3,1498.7,3,8,6.1377,5.8057
3,1498.8,3,8,6.1279,5.8301
3,1498.9,3,8,6.1182,5.8105
3,1499,3,8,6.1035,5.8203
3,1499.1,3,8,6.1377,5.791
3,1499.2,3,8,6.1426,5.7861
3,1499.3,3,8,6.1328,5.835
3,1499.4,3,8,6.1084,5.835
3,1499.5,3,8,6.1133,5.7764
3,1499.6,3,8,6.1084,5.7861
3,1499.7,3,8,6.1475,5.8301
3,1499.8,3,8,6.1328,5.8105
4,1769.9,4,8,6.9092,6.4258
4,1770,4,8,6.9434,6.416
4,1770.1,4,8,6.9385,6.4355
4,1770.2,4,8,6.9043,6.4062
4,1770.3,4,8,6.9189,6.4209
4,1770.4,4,8,6.9336,6.4697
4,1770.5,4,8,6.9092,6.46
4,1770.6,4,8,6.8896,6.4453
4,1770.7,4,8,6.8799,6.4307
4,1770.8,4,8,6.9043,6.4209
4,1770.9,4,8,6.9287,6.4258
4,1771,4,8,6.9287,6.4355
4,1771.1,4,8,6.9336,6.4111
4,1771.2,4,8,6.8994,6.4209
4,1771.3,4,8,6.9043,6.3867
4,1771.4,4,8,6.9385,6.4307
4,1771.5,4,8,6.9238,6.4648
4,1771.6,4,8,6.9385,6.4014
4,1771.7,4,8,6.8994,6.4502
4,1771.8,4,8,6.9092,6.416
4,1771.9,4,8,6.8652,6.416
4,1772,4,8,6.9434,6.4111
4,1772.1,4,8,6.8994,6.4258
4,1772.2,4,8,6.9287,6.4209
4,1772.3,4,8,6.9141,6.4062
4,1772.4,4,8,6.875,6.4355
4,1772.5,4,8,6.9141,6.4258
4,1772.6,4,8,6.9336,6.4111
4,1772.7,4,8,6.9336,6.4258
4,1772.8,4,8,6.9043,6.4355
4,1772.9,4,8,6.9092,6.3916
4,1773,4,8,6.8701,6.4209
4,1773.1,4,8,6.9434,6.4355
4,1773.2,4,8,6.8701,6.4648
4,1773.3,4,8,6.9043,6.4258
4,1773.4,4,8,6.8945,6.4307
4,1773.5,4,8,6.8701,6.416
4,1773.6,4,8,6.9189,6.4404
4,1773.7,4,8,6.9434,6.4111
4,1773.8,4,8,6.9043,6.4355
4,1773.9,4,8,6.9434,6.4258
4,1774,4,8,6.9141,6.3965
4,1774.1,4,8,6.8701,6.3965
4,1774.2,4,8,6.9336,6.4453
4,1774.3,4,8,6.9336,6.4258
4,1774.4,4,8,6.9385,6.4355
4,1774.5,4,8,6.9141,6.4697
4,1774.6,4,8,6.9043,6.4209
4,1774.7,4,8,6.9434,6.416
4,1774.8,4,8,6.9336,6.4355
4,1774.9,4,8,6.9434,6.4404
4,1775,4,8,6.8994,6.4209
4,1775.1,4,8,6.8896,6.4258
4,1775.2,4,8,6.8994,6.4062
4,1775.3,4,8,6.9141,6.4404
4,1775.4,4,8,6.9336,6.4307
4,1775.5,4,8,6.9336,6.4062
4,1775.6,4,8,6.9287,6.4355
4,1775.7,4,8,6.8848,6.3721
4,1775.8,4,8,6.9092,6.416
4,1775.9,4,8,6.9189,6.4258
4,1776,4,8,6.9287,6.4062
4,1776.1,4,8,6.9336,6.416
4,1776.2,4,8,6.8945,6.4062
4,1776.3,4,8,6.875,6.4355
4,1776.4,4,8,6.9238,6.4307
4,1776.5,4,8,6.9287,6.4404
4,1776.6,4,8,6.9434,6.4258
4,1776.7,4,8,6.9385,6.4209
4,1776.8,4,8,6.9043,6.4307
4,1776.9,4,8,6.9336,6.4209
4,1777,4,8,6.8994,6.4355
4,1777.1,4,8,6.8994,6.4453
4,1777.2,4,8,6.8945,6.4355
4,1777.3,4,8,6.8945,6.3965
4,1777.4,4,8,6.8799,6.416
4,1777.5,4,8,6.9336,6.4209
4,1777.6,4,8,6.9189,6.4209
4,1777.7,4,8,6.9043,6.4551
4,1777.8,4,8,6.9043,6.4355
4,1777.9,4,8,6.8848,6.4111
4,1778,4,8,6.9092,6.4453
4,1778.1,4,8,6.9092,6.4258
4,1778.2,4,8,6.9043,6.4551
4,1778.3,4,8,6.9385,6.4404
4,1778.4,4,8,6.9043,6.4062
4,1778.5,4,8,6.9043,6.4209
4,1778.6,4,8,6.9336,6.4062
4,1778.7,4,8,6.9092,6.4502
4,1778.8,4,8,6.9043,6.4697
4,1778.9,4,8,6.8848,6.4648
4,1779,4,8,6.8799,6.4209
4,1779.1,4,8,6.9189,6.4111
4,1779.2,4,8,6.9189,6.4111
4,1779.3,4,8,6.8945,6.4502
4,1779.4,4,8,6.9385,6.4551
4,1779.5,4,8,6.8652,6.4307
4,1779.6,4,8,6.8945,6.3965
4,1779.7,4,8,6.9238,6.4209
4,1779.8,4,8,6.9043,6.4258
4,1779.9,4,8,6.8994,6.4648
4,1780,4,8,6.875,6.4307
4,1780.1,4,8,6.8945,6.416
4,1780.2,4,8,6.9238,6.4404
4,1780.3,4,8,6.8994,6.4258
4,1780.4,4,8,6.9043,6.4404
4,1780.5,4,8,6.9141,6.4258
4,1780.6,4,8,6.8848,6.4307
4,1780.7,4,8,6.9141,6.4111
4,1780.8,4,8,6.9141,6.416
4,1780.9,4,8,6.9385,6.4453
4,1781,4,8,6.9336,6.46
4,1781.1,4,8,6.9092,6.4062
4,1781.2,4,8,6.8945,6.4014
4,1781.3,4,8,6.9482,6.4307
4,1781.4,4,8,6.9189,6.46
4,1781.5,4,8,6.9434,6.4209
4,1781.6,4,8,6.9092,6.4551
4,1781.7,4,8,6.8945,6.4062
4,1781.8,4,8,6.8994,6.3818
4,1781.9,4,8,6.8848,6.416
4,1782,4,8,6.9189,6.4551
4,1782.1,4,8,6.958,6.4258
4,1782.2,4,8,6.9287,6.4062
4,1782.3,4,8,6.8848,6.4209
4,1782.4,4,8,6.9141,6.416
4,1782.5,4,8,6.9141,6.4355
4,1782.6,4,8,6.9336,6.4111
4,1782.7,4,8,6.958,6.4258
4,1782.8,4,8,6.9287,6.4209
4,1782.9,4,8,6.9189,6.4111
4,1783,4,8,6.958,6.4648
4,1783.1,4,8,6.9189,6.4453
4,1783.2,4,8,6.9434,6.46
4,1783.3,4,8,6.8945,6.4355
4,1783.4,4,8,6.8896,6.4062
4,1783.5,4,8,6.9189,6.4551
4,1783.6,4,8,6.9531,6.4258
4,1783.7,4,8,6.9287,6.4697
4,1783.8,4,8,6.9189,6.4355
4,1783.9,4,8,6.8799,6.4258
4,1784,4,8,6.8994,6.3916
4,1784.1,4,8,6.9385,6.4062
4,1784.2,4,8,6.9238,6.4453
4,1784.3,4,8,6.9238,6.4453
4,1784.4,4,8,6.8945,6.4014
4,1784.5,4,8,6.8799,6.4111
4,1784.6,4,8,6.9189,6.4648
4,1784.7,4,8,6.9629,6.4355
4,1784.8,4,8,6.9629,6.4551
4,1784.9,4,8,6.9287,6.4453
4,1785,4,8,6.8945,6.4062
4,1785.1,4,8,6.9531,6.416
4,1785.2,4,8,6.9287,6.4502
4,1785.3,4,8,6.9287,6.4307
4,1785.4,4,8,6.9385,6.4404
4,1785.5,4,8,6.8945,6.4355
4,1785.6,4,8,6.8994,6.4111
4,1785.7,4,8,6.9434,6.4551
4,1785.8,4,8,6.9385,6.46
4,1785.9,4,8,6.9482,6.4209
4,1786,4,8,6.9482,6.4648
4,1786.1,4,8,6.9189,6.4062
4,1786.2,4,8,6.9287,6.4307
4,1786.3,4,8,6.9482,6.4258
4,1786.4,4,8,6.958,6.4355
4,1786.5,4,8,6.9189,6.4551
4,1786.6,4,8,6.9189,6.4111
4,1786.7,4,8,6.9238,6.4062
4,1786.8,4,8,6.9629,6.4209
4,1786.9,4,8,6.9531,6.4062
4,1787,4,8,6.9287,6.4453
4,1787.1,4,8,6.9629,6.4404
4,1787.2,4,8,6.9043,6.4355
4,1787.3,4,8,6.9336,6.4258
4,1787.4,4,8,6.9482,6.4258
4,1787.5,4,8,6.9189,6.4453
4,1787.6,4,8,6.8945,6.4453
4,1787.7,4,8,6.9141,6.4258
4,1787.8,4,8,6.9336,6.4111
4,1787.9,4,8,6.9482,6.4307
4,1788,4,8,6.9434,6.4307
4,1788.1,4,8,6.9434,6.4453
4,1788.2,4,8,6.9043,6.4307
4,1788.3,4,8,6.8848,6.4258
4,1788.4,4,8,6.9531,6.4258
4,1788.5,4,8,6.9141,6.4355
4,1788.6,4,8,6.958,6.416
4,1788.7,4,8,6.9531,6.4307
4,1788.8,4,8,6.9287,6.416
4,1788.9,4,8,6.8896,6.4355
4,1789,4,8,6.9238,6.4404
4,1789.1,4,8,6.9531,6.4551
4,1789.2,4,8,6.9482,6.4258
4,1789.3,4,8,6.9238,6.4551
4,1789.4,4,8,6.8945,6.4209
4,1789.5,4,8,6.9189,6.4648
4,1789.6,4,8,6.9482,6.4307
4,1789.7,4,8,6.9336,6.4307
4,1789.8,4,8,6.9531,6.4453
4,1789.9,4,8,6.9238,6.4404
4,1790,4,8,6.8799,6.4258
4,1790.1,4,8,6.9189,6.3965
4,1790.2,4,8,6.9482,6.4551
4,1790.3,4,8,6.9141,6.4453
4,1790.4,4,8,6.8896,6.4648
4,1790.5,4,8,6.8799,6.4258
4,1790.6,4,8,6.9189,6.46
4,1790.7,4,8,6.9238,6.4453
4,1790.8,4,8,6.9287,6.4453
4,1790.9,4,8,6.9238,6.4502
4,1791,4,8,6.8848,6.4453
4,1791.1,4,8,6.9238,6.4062
4,1791.2,4,8,6.9141,6.4551
4,1791.3,4,8,6.9482,6.4551
4,1791.4,4,8,6.9629,6.4746
4,1791.5,4,8,6.9385,6.4404
4,1791.6,4,8,6.8994,6.4209
4,1791.7,4,8,6.9238,6.4648
4,1791.8,4,8,6.9531,6.4062
4,1791.9,4,8,6.9336,6.4355
4,1792,4,8,6.9238,6.4258
4,1792.1,4,8,6.9043,6.4014
4,1792.2,4,8,6.8896,6.4111
4,1792.3,4,8,6.9043,6.4453
4,1792.4,4,8,6.9189,6.4648
4,1792.5,4,8,6.9434,6.4502
4,1792.6,4,8,6.9141,6.4111
4,1792.7,4,8,6.9189,6.4209
4,1792.8,4,8,6.9531,6.4307
4,1792.9,4,8,6.9434,6.4404
4,1793,4,8,6.9189,6.4551
4,1793.1,4,8,6.9141,6.4648
4,1793.2,4,8,6.9287,6.4111
4,1793.3,4,8,6.9238,6.416
4,1793.4,4,8,6.9531,6.46
4,1793.5,4,8,6.9238,6.4746
4,1793.6,4,8,6.8701,6.4648
4,1793.7,4,8,6.8799,6.4551
4,1793.8,4,8,6.8945,6.4258
4,1793.9,4,8,6.9287,6.4307
4,1794,4,8,6.9287,6.4404
4,1794.1,4,8,6.9189,6.46
4,1794.2,4,8,6.9434,6.4307
4,1794.3,4,8,6.8994,6.4307
4,1794.4,4,8,6.9189,6.416
4,1794.5,4,8,6.9531,6.4453
4,1794.6,4,8,6.9287,6.4551
4,1794.7,4,8,6.958,6.4697
4,1794.8,4,8,6.8799,6.4502
4,1794.9,4,8,6.9189,6.416
4,1795,4,8,6.9434,6.377
4,1795.1,4,8,6.9385,6.4404
4,1795.2,4,8,6.9141,6.46
4,1795.3,4,8,6.9141,6.4648
4,1795.4,4,8,6.8848,6.4453
4,1795.5,4,8,6.9238,6.4014
4,1795.6,4,8,6.9385,6.4307
4,1795.7,4,8,6.9434,6.4453
4,1795.8,4,8,6.9238,6.4551
4,1795.9,4,8,6.8994,6.3818
4,1796,4,8,6.9238,6.3965
4,1796.1,4,8,6.958,6.4648
4,1796.2,4,8,6.9531,6.4355
4,1796.3,4,8,6.9385,6.4258
4,1796.4,4,8,6.9238,6.4502
4,1796.5,4,8,6.9287,6.4062
4,1796.6,4,8,6.9287,6.3916
4,1796.7,4,8,6.9482,6.4307
4,1796.8,4,8,6.9189,6.4111
4,1796.9,4,8,6.9385,6.4551
4,1797,4,8,6.9189,6.4258
4,1797.1,4,8,6.9043,6.46
4,1797.2,4,8,6.9531,6.4307
4,1797.3,4,8,6.9531,6.4502
4,1797.4,4,8,6.9434,6.4502
4,1797.5,4,8,6.958,6.4551
4,1797.6,4,8,6.8994,6.4307
4,1797.7,4,8,6.9629,6.4453
4,1797.8,4,8,6.9482,6.4307
4,1797.9,4,8,6.9336,6.4551
4,1798,4,8,6.9678,6.4551
4,1798.1,4,8,6.8945,6.4062
4,1798.2,4,8,6.9238,6.4355
4,1798.3,4,8,6.9678,6.4404
4,1798.4,4,8,6.9727,6.4697
4,1798.5,4,8,6.958,6.4355
4,1798.6,4,8,6.9434,6.4697
4,1798.7,4,8,6.9141,6.4307
4,1798.8,4,8,6.9531,6.4502
4,1798.9,4,8,6.9482,6.4697
4,1799,4,8,6.9678,6.4307
4,1799.1,4,8,6.9434,6.4502
4,1799.2,4,8,6.8896,6.3965
4,1799.3,4,8,6.9141,6.3965
4,1799.4,4,8,6.9434,6.4648
4,1799.5,4,8,6.9482,6.4648
4,1799.6,4,8,6.9238,6.4893
4,1799.7,4,8,6.9434,6.4355
4,1799.8,4,8,6.9092,6.4258
5,2069.9,5,8,7.627,7.0312
5,2070,5,8,7.6074,7.0264
5,2070.1,5,8,7.5928,7.0215
5,2070.2,5,8,7.6318,7.002
5,2070.3,5,8,7.5928,7.0117
5,2070.4,5,8,7.5781,7.002
5,2070.5,5,8,7.5977,6.9727
5,2070.6,5,8,7.6221,7.0068
5,2070.7,5,8,7.6172,7.0166
5,2070.8,5,8,7.6025,7.0166
5,2070.9,5,8,7.6074,7.0312
5,2071,5,8,7.6025,7.0068
5,2071.1,5,8,7.6367,7.0166
5,2071.2,5,8,7.5977,7.0459
5,2071.3,5,8,7.6318,7.002
5,2071.4,5,8,7.5781,6.9922
5,2071.5,5,8,7.5879,7.0215
5,2071.6,5,8,7.5635,7.0068
5,2071.7,5,8,7.627,7.0166
5,2071.8,5,8,7.6074,7.0117
5,2071.9,5,8,7.6318,7.041
5,2072,5,8,7.5879,6.9971
5,2072.1,5,8,7.5928,6.9971
5,2072.2,5,8,7.5977,7.0215
5,2072.3,5,8,7.6025,7.0215
5,2072.4,5,8,7.6025,7.0312
5,2072.5,5,8,7.6172,6.9873
5,2072.6,5,8,7.6123,7.0264
5,2072.7,5,8,7.5732,6.9824
5,2072.8,5,8,7.627,7.0117
5,2072.9,5,8,7.6318,6.9971
5,2073,5,8,7.6074,6.9971
5,2073.1,5,8,7.5879,7.002
5,2073.2,5,8,7.5684,6.9775
5,2073.3,5,8,7.627,7.0215
5,2073.4,5,8,7.627,7.0117
5,2073.5,5,8,7.627,7.0117
5,2073.6,5,8,7.6318,6.9873
5,2073.7,5,8,7.6123,6.9971
5,2073.8,5,8,7.5928,6.9922
5,2073.9,5,8,7.6367,7.0117
5,2074,5,8,7.6074,7.0264
5,2074.1,5,8,7.6318,7.0117
5,2074.2,5,8,7.6221,7.002
5,2074.3,5,8,7.5635,7.002
5,2074.4,5,8,7.6318,6.9971
5,2074.5,5,8,7.6221,6.9971
5,2074.6,5,8,7.5977,7.0312
5,2074.7,5,8,7.6367,6.9971
5,2074.8,5,8,7.6221,7.0215
5,2074.9,5,8,7.6025,6.958
5,2075,5,8,7.6172,7.0068
5,2075.1,5,8,7.6172,7.0068
5,2075.2,5,8,7.5879,7.0166
5,2075.3,5,8,7.6318,7.002
5,2075.4,5,8,7.583,6.9873
5,2075.5,5,8,7.6172,6.9971
5,2075.6,5,8,7.6123,7.0068
5,2075.7,5,8,7.5977,7.0166
5,2075.8,5,8,7.6123,7.0117
5,2075.9,5,8,7.6074,6.9922
5,2076,5,8,7.6123,6.9873
5,2076.1,5,8,7.583,7.0312
5,2076.2,5,8,7.6172,7.0117
5,2076.3,5,8,7.627,7.0264
5,2076.4,5,8,7.583,7.002
5,2076.5,5,8,7.5977,6.9922
5,2076.6,5,8,7.6025,7.0264
5,2076.7,5,8,7.6318,7.0068
5,2076.8,5,8,7.6172,7.0312
5,2076.9,5,8,7.6123,7.0068
5,2077,5,8,7.6123,7.0166
5,2077.1,5,8,7.6074,6.9629
5,2077.2,5,8,7.6172,7.0068
5,2077.3,5,8,7.6025,7.0264
5,2077.4,5,8,7.6221,7.0117
5,2077.5,5,8,7.6172,6.9873
5,2077.6,5,8,7.583,6.9873
5,2077.7,5,8,7.6221,7.002
5,2077.8,5,8,7.6172,7.0166
5,2077.9,5,8,7.627,6.9971
5,2078,5,8,7.5977,7.0166
5,2078.1,5,8,7.627,7.0068
5,2078.2,5,8,7.5732,7.002
5,2078.3,5,8,7.5977,7.0264
5,2078.4,5,8,7.6025,7.002
5,2078.5,5,8,7.6318,6.9922
5,2078.6,5,8,7.6074,7.0166
5,2078.7,5,8,7.6074,6.958
5,2078.8,5,8,7.627,7.0068
5,2078.9,5,8,7.627,6.9727
5,2079,5,8,7.627,7.002
5,2079.1,5,8,7.627,7.0068
5,2079.2,5,8,7.6367,6.9873
5,2079.3,5,8,7.5781,6.9922
5,2079.4,5,8,7.6318,6.9922
5,2079.5,5,8,7.6221,7.0117
5,2079.6,5,8,7.6172,7.002
5,2079.7,5,8,7.627,7.0166
5,2079.8,5,8,7.5781,6.9775
5,2079.9,5,8,7.5781,6.9922
5,2080,5,8,7.5879,7.0215
5,2080.1,5,8,7.6025,7.0068
5,2080.2,5,8,7.6123,7.0068
5,2080.3,5,8,7.6416,6.9775
5,2080.4,5,8,7.6172,6.9727
5,2080.5,5,8,7.6123,7.0312
5,2080.6,5,8,7.6367,6.9922
5,2080.7,5,8,7.5977,7.002
5,2080.8,5,8,7.6123,6.9873
5,2080.9,5,8,7.5732,6.9824
5,2081,5,8,7.6123,7.0312
5,2081.1,5,8,7.5928,7.0166
5,2081.2,5,8,7.6221,7.0068
5,2081.3,5,8,7.5781,6.9971
5,2081.4,5,8,7.6025,6.9971
5,2081.5,5,8,7.5879,6.9727
5,2081.6,5,8,7.6025,6.9922
5,2081.7,5,8,7.6221,7.002
5,2081.8,5,8,7.6074,7.002
5,2081.9,5,8,7.627,6.9922
5,2082,5,8,7.5684,6.9678
5,2082.1,5,8,7.6025,7.0166
5,2082.2,5,8,7.6123,7.0068
5,2082.3,5,8,7.627,7.0312
5,2082.4,5,8,7.627,7.0312
5,2082.5,5,8,7.6123,7.002
5,2082.6,5,8,7.6025,7.0166
5,2082.7,5,8,7.6318,7.0166
5,2082.8,5,8,7.6172,7.0068
5,2082.9,5,8,7.6074,7.0312
5,2083,5,8,7.627,7.0117
5,2083.1,5,8,7.5537,6.9727
5,2083.2,5,8,7.627,6.9824
5,2083.3,5,8,7.6172,6.9775
5,2083.4,5,8,7.583,7.0361
5,2083.5,5,8,7.5879,7.0264
5,2083.6,5,8,7.6221,7.0264
5,2083.7,5,8,7.583,7.0312
5,2083.8,5,8,7.6123,7.0264
5,2083.9,5,8,7.6025,7.002
5,2084,5,8,7.583,7.0068
5,2084.1,5,8,7.6074,7.0312
5,2084.2,5,8,7.5928,6.958
5,2084.3,5,8,7.583,7.0312
5,2084.4,5,8,7.6221,7.0264
5,2084.5,5,8,7.5879,7.0361
5,2084.6,5,8,7.5879,6.9971
5,2084.7,5,8,7.5781,7.0215
5,2084.8,5,8,7.583,7.0312
5,2084.9,5,8,7.6123,7.0166
5,2085,5,8,7.6123,7.0068
5,2085.1,5,8,7.6025,7.0068
5,2085.2,5,8,7.6416,7.0312
5,2085.3,5,8,7.5879,6.9873
5,2085.4,5,8,7.6074,7.002
5,2085.5,5,8,7.6172,7.0215
5,2085.6,5,8,7.6318,7.0068
5,2085.7,5,8,7.583,6.9971
5,2085.8,5,8,7.5635,6.9824
5,2085.9,5,8,7.5879,6.9873
5,2086,5,8,7.6318,7.0264
5,2086.1,5,8,7.627,7.0166
5,2086.2,5,8,7.6074,7.002
5,2086.3,5,8,7.6221,7.0117
5,2086.4,5,8,7.5586,7.0166
5,2086.5,5,8,7.627,7.041
5,2086.6,5,8,7.583,7.0312
5,2086.7,5,8,7.6074,7.0215
5,2086.8,5,8,7.6221,6.9727
5,2086.9,5,8,7.5586,6.9922
5,2087,5,8,7.6221,7.0117
5,2087.1,5,8,7.6074,7.0068
5,2087.2,5,8,7.6367,6.9971
5,2087.3,5,8,7.5977,6.9971
5,2087.4,5,8,7.627,7.002
5,2087.5,5,8,7.6123,7.002
5,2087.6,5,8,7.627,6.9873
5,2087.7,5,8,7.6123,7.0215
5,2087.8,5,8,7.6025,7.0215
5,2087.9,5,8,7.6074,7.0312
5,2088,5,8,7.5684,6.9873
5,2088.1,5,8,7.6318,7.0166
5,2088.2,5,8,7.6074,7.0068
5,2088.3,5,8,7.5977,7.002
5,2088.4,5,8,7.6221,7.0068
5,2088.5,5,8,7.6416,7.0215
5,2088.6,5,8,7.5781,7.002
5,2088.7,5,8,7.6172,7.0166
5,2088.8,5,8,7.627,7.0264
5,2088.9,5,8,7.6367,7.0215
5,2089,5,8,7.6318,6.958
5,2089.1,5,8,7.5635,6.9629
5,2089.2,5,8,7.6123,7.0166
5,2089.3,5,8,7.6172,7.0215
5,2089.4,5,8,7.6025,7.0264
5,2089.5,5,8,7.6221,7.0166
5,2089.6,5,8,7.6367,6.9922
5,2089.7,5,8,7.5732,6.9775
5,2089.8,5,8,7.627,6.9971
5,2089.9,5,8,7.6025,7.002
5,2090,5,8,7.627,7.041
5,2090.1,5,8,7.6172,7.0264
5,2090.2,5,8,7.5781,7.002
5,2090.3,5,8,7.6318,6.9971
5,2090.4,5,8,7.5977,7.0117
5,2090.5,5,8,7.6318,6.9873
5,2090.6,5,8,7.6318,7.0215
5,2090.7,5,8,7.627,7.0166
5,2090.8,5,8,7.5928,7.0166
5,2090.9,5,8,7.6025,7.002
5,2091,5,8,7.6172,7.0166
5,2091.1,5,8,7.6221,7.0312
5,2091.2,5,8,7.6172,7.002
5,2091.3,5,8,7.583,6.9678
5,2091.4,5,8,7.6221,6.9922
5,2091.5,5,8,7.6367,6.9971
5,2091.6,5,8,7.5928,7.0166
5,2091.7,5,8,7.6074,7.0264
5,2091.8,5,8,7.6367,7.041
5,2091.9,5,8,7.5781,6.9922
5,2092,5,8,7.6416,7.0361
5,2092.1,5,8,7.5977,7.0459
5,2092.2,5,8,7.6318,7.0117
5,2092.3,5,8,7.5586,7.0361
5,2092.4,5,8,7.5928,6.9629
5,2092.5,5,8,7.5928,7.0068
5,2092.6,5,8,7.6025,7.0117
5,2092.7,5,8,7.6025,7.0068
5,2092.8,5,8,7.6221,7.0215
5,2092.9,5,8,7.6318,6.9873
5,2093,5,8,7.6123,6.9824
5,2093.1,5,8,7.6123,7.0166
5,2093.2,5,8,7.5977,7.0459
5,2093.3,5,8,7.6465,7.002
5,2093.4,5,8,7.6025,7.0264
5,2093.5,5,8,7.5879,7.0117
5,2093.6,5,8,7.5977,7.0312
5,2093.7,5,8,7.5928,7.0166
5,2093.8,5,8,7.5977,7.0215
5,2093.9,5,8,7.6074,7.0166
5,2094,5,8,7.6318,6.9971
5,2094.1,5,8,7.5879,7.0068
5,2094.2,5,8,7.6074,7.0264
5,2094.3,5,8,7.6172,7.0068
5,2094.4,5,8,7.6367,6.9922
5,2094.5,5,8,7.627,7.0264
5,2094.6,5,8,7.6025,6.9922
5,2094.7,5,8,7.6074,6.9824
5,2094.8,5,8,7.6367,7.002
5,2094.9,5,8,7.6221,7.0361
5,2095,5,8,7.6123,7.0215
5,2095.1,5,8,7.5928,7.0508
5,2095.2,5,8,7.5879,7.0117
5,2095.3,5,8,7.6123,7.0605
5,2095.4,5,8,7.6318,7.0361
5,2095.5,5,8,7.6367,7.0166
5,2095.6,5,8,7.6074,7.0312
5,2095.7,5,8,7.5977,6.9971
5,2095.8,5,8,7.5977,7.0459
5,2095.9,5,8,7.5977,7.0508
5,2096,5,8,7.5977,7.0361
5,2096.1,5,8,7.6123,7.0166
5,2096.2,5,8,7.6318,6.9629
5,2096.3,5,8,7.6221,7.0166
5,2096.4,5,8,7.6221,7.0361
5,2096.5,5,8,7.6123,7.0361
5,2096.6,5,8,7.6025,7.0312
5,2096.7,5,8,7.6172,7.0361
5,2096.8,5,8,7.6123,6.9678
5,2096.9,5,8,7.6221,6.9922
5,2097,5,8,7.6025,7.002
5,2097.1,5,8,7.6025,7.0215
5,2097.2,5,8,7.5977,7.041
5,2097.3,5,8,7.6074,6.9971
5,2097.4,5,8,7.6318,7.0166
5,2097.5,5,8,7.6123,7.0068
5,2097.6,5,8,7.6025,7.041
5,2097.7,5,8,7.6416,7.0166
5,2097.8,5,8,7.6367,6.9873
5,2097.9,5,8,7.6123,6.9727
5,2098,5,8,7.6025,7.0117
5,2098.1,5,8,7.627,7.0117
5,2098.2,5,8,7.5977,7.0264
5,2098.3,5,8,7.6074,6.9971
5,2098.4,5,8,7.6025,6.9922
5,2098.5,5,8,7.6172,7.002
5,2098.6,5,8,7.6172,7.0361
5,2098.7,5,8,7.5928,7.0312
5,2098.8,5,8,7.6123,7.0215
5,2098.9,5,8,7.6123,7.0166
5,2099,5,8,7.5781,6.9971
5,2099.1,5,8,7.6367,6.9971
5,2099.2,5,8,7.6318,7.0312
5,2099.3,5,8,7.6367,7.0117
5,2099.4,5,8,7.5977,7.0312
5,2099.5,5,8,7.5732,6.9873
5,2099.6,5,8,7.583,7.0264
5,2099.7,5,8,7.6367,6.9971
5,2099.8,5,8,7.6367,7.0068
6,2369.9,6,8,8.0762,7.4414
6,2370,6,8,8.0762,7.4316
6,2370.1,6,8,8.1201,7.4512
6,2370.2,6,8,8.0859,7.4219
6,2370.3,6,8,8.0664,7.4414
6,2370.4,6,8,8.1055,7.4072
6,2370.5,6,8,8.0713,7.4414
6,2370.6,6,8,8.1104,7.4121
6,2370.7,6,8,8.0859,7.4512
6,2370.8,6,8,8.1104,7.4219
6,2370.9,6,8,8.0713,7.4561
6,2371,6,8,8.0957,7.4219
6,2371.1,6,8,8.1055,7.4414
6,2371.2,6,8,8.0908,7.4512
6,2371.3,6,8,8.1104,7.4512
6,2371.4,6,8,8.0957,7.4561
6,2371.5,6,8,8.0664,7.4561
6,2371.6,6,8,8.0811,7.4561
6,2371.7,6,8,8.0908,7.4512
6,2371.8,6,8,8.0811,7.4561
6,2371.9,6,8,8.0859,7.4561
6,2372,6,8,8.0615,7.417
6,2372.1,6,8,8.0957,7.4561
6,2372.2,6,8,8.1006,7.4268
6,2372.3,6,8,8.0664,7.4512
6,2372.4,6,8,8.0664,7.4268
6,2372.5,6,8,8.0762,7.4365
6,2372.6,6,8,8.1055,7.4414
6,2372.7,6,8,8.1055,7.4561
6,2372.8,6,8,8.1152,7.4121
6,2372.9,6,8,8.1104,7.4609
6,2373,6,8,8.0908,7.4316
6,2373.1,6,8,8.0762,7.4463
6,2373.2,6,8,8.0762,7.4658
6,2373.3,6,8,8.0713,7.4561
6,2373.4,6,8,8.0957,7.4268
6,2373.5,6,8,8.1104,7.3633
6,2373.6,6,8,8.0762,7.4414
6,2373.7,6,8,8.0908,7.4512
6,2373.8,6,8,8.1201,7.4072
6,2373.9,6,8,8.0811,7.4268
6,2374,6,8,8.0859,7.4121
6,2374.1,6,8,8.0811,7.4561
6,2374.2,6,8,8.1104,7.4316
6,2374.3,6,8,8.0908,7.4414
6,2374.4,6,8,8.0811,7.417
6,2374.5,6,8,8.0957,7.4512
6,2374.6,6,8,8.0859,7.417
6,2374.7,6,8,8.1201,7.4414
6,2374.8,6,8,8.0908,7.417
6,2374.9,6,8,8.0664,7.4414
6,2375,6,8,8.0908,7.4463
6,2375.1,6,8,8.0908,7.4316
6,2375.2,6,8,8.1055,7.4023
6,2375.3,6,8,8.1055,7.4072
6,2375.4,6,8,8.1006,7.4219
6,2375.5,6,8,8.1006,7.4561
6,2375.6,6,8,8.0859,7.4414
6,2375.7,6,8,8.0518,7.4316
6,2375.8,6,8,8.0713,7.4561
6,2375.9,6,8,8.0713,7.4561
6,2376,6,8,8.0713,7.4219
6,2376.1,6,8,8.0908,7.4316
6,2376.2,6,8,8.1006,7.4365
6,2376.3,6,8,8.1201,7.4268
6,2376.4,6,8,8.0811,7.4219
6,2376.5,6,8,8.1006,7.4512
6,2376.6,6,8,8.1201,7.4219
6,2376.7,6,8,8.0957,7.4414
6,2376.8,6,8,8.0664,7.4072
6,2376.9,6,8,8.1201,7.417
6,2377,6,8,8.1055,7.4609
6,2377.1,6,8,8.0957,7.4512
6,2377.2,6,8,8.0713,7.4463
6,2377.3,6,8,8.125,7.4268
6,2377.4,6,8,8.1201,7.4268
6,2377.5,6,8,8.0811,7.4365
6,2377.6,6,8,8.1104,7.4463
6,2377.7,6,8,8.0762,7.4414
6,2377.8,6,8,8.0957,7.417
6,2377.9,6,8,8.0811,7.373
6,2378,6,8,8.1152,7.4316
6,2378.1,6,8,8.0762,7.4414
6,2378.2,6,8,8.0908,7.4365
6,2378.3,6,8,8.0957,7.4072
6,2378.4,6,8,8.1299,7.4219
6,2378.5,6,8,8.1152,7.4316
6,2378.6,6,8,8.1006,7.4561
6,2378.7,6,8,8.1201,7.4219
6,2378.8,6,8,8.1299,7.4121
6,2378.9,6,8,8.0859,7.4609
6,2379,6,8,8.0615,7.3975
6,2379.1,6,8,8.1152,7.417
6,2379.2,6,8,8.0957,7.4463
6,2379.3,6,8,8.0762,7.4463
6,2379.4,6,8,8.0811,7.4512
6,2379.5,6,8,8.0908,7.4561
6,2379.6,6,8,8.0811,7.4414
6,2379.7,6,8,8.0957,7.3975
6,2379.8,6,8,8.0811,7.417
6,2379.9,6,8,8.0859,7.4707
6,2380,6,8,8.0811,7.4561
6,2380.1,6,8,8.0518,7.4219
6,2380.2,6,8,8.0957,7.4561
6,2380.3,6,8,8.0957,7.4219
6,2380.4,6,8,8.0859,7.4609
6,2380.5,6,8,8.0957,7.4072
6,2380.6,6,8,8.0957,7.4121
6,2380.7,6,8,8.1104,7.4268
6,2380.8,6,8,8.1201,7.4365
6,2380.9,6,8,8.1055,7.4268
6,2381,6,8,8.1152,7.4219
6,2381.1,6,8,8.1055,7.4414
6,2381.2,6,8,8.0908,7.4219
6,2381.3,6,8,8.1201,7.4512
6,2381.4,6,8,8.1445,7.4512
6,2381.5,6,8,8.125,7.4219
6,2381.6,6,8,8.1104,7.4365
6,2381.7,6,8,8.0859,7.4512
6,2381.8,6,8,8.1006,7.4512
6,2381.9,6,8,8.1104,7.4268
6,2382,6,8,8.0859,7.4609
6,2382.1,6,8,8.1201,7.4268
6,2382.2,6,8,8.1055,7.4365
6,2382.3,6,8,8.0811,7.4609
6,2382.4,6,8,8.0859,7.4023
6,2382.5,6,8,8.1152,7.4414
6,2382.6,6,8,8.1104,7.4121
6,2382.7,6,8,8.125,7.4023
6,2382.8,6,8,8.0859,7.4561
6,2382.9,6,8,8.1152,7.4316
6,2383,6,8,8.1006,7.4463
6,2383.1,6,8,8.0811,7.4316
6,2383.2,6,8,8.1006,7.4219
6,2383.3,6,8,8.1006,7.4463
6,2383.4,6,8,8.0957,7.4512
6,2383.5,6,8,8.1104,7.4072
6,2383.6,6,8,8.1201,7.4219
6,2383.7,6,8,8.0762,7.4512
6,2383.8,6,8,8.1055,7.4707
6,2383.9,6,8,8.1152,7.4121
6,2384,6,8,8.1201,7.4219
6,2384.1,6,8,8.1006,7.4512
6,2384.2,6,8,8.0762,7.4463
6,2384.3,6,8,8.1152,7.4268
6,2384.4,6,8,8.0957,7.4512
6,2384.5,6,8,8.0859,7.4512
6,2384.6,6,8,8.0664,7.4365
6,2384.7,6,8,8.1152,7.4561
6,2384.8,6,8,8.0664,7.4561
6,2384.9,6,8,8.0762,7.4609
6,2385,6,8,8.0859,7.4658
6,2385.1,6,8,8.0859,7.4512
6,2385.2,6,8,8.0859,7.4365
6,2385.3,6,8,8.1055,7.4463
6,2385.4,6,8,8.0957,7.4463
6,2385.5,6,8,8.1152,7.4121
6,2385.6,6,8,8.1299,7.4219
6,2385.7,6,8,8.1055,7.4268
6,2385.8,6,8,8.1152,7.4561
6,2385.9,6,8,8.0957,7.4561
6,2386,6,8,8.1201,7.4072
6,2386.1,6,8,8.0908,7.4414
6,2386.2,6,8,8.1152,7.4414
6,2386.3,6,8,8.0859,7.4023
6,2386.4,6,8,8.0908,7.4512
6,2386.5,6,8,8.1152,7.4219
6,2386.6,6,8,8.0908,7.4561
6,2386.7,6,8,8.0762,7.4561
6,2386.8,6,8,8.125,7.4121
6,2386.9,6,8,8.1201,7.4365
6,2387,6,8,8.1201,7.4316
6,2387.1,6,8,8.1201,7.4658
6,2387.2,6,8,8.0566,7.4365
6,2387.3,6,8,8.0859,7.4072
6,2387.4,6,8,8.1299,7.4219
6,2387.5,6,8,8.125,7.4463
6,2387.6,6,8,8.1104,7.4561
6,2387.7,6,8,8.1152,7.4512
6,2387.8,6,8,8.0859,7.4316
6,2387.9,6,8,8.1152,7.417
6,2388,6,8,8.1104,7.4658
6,2388.1,6,8,8.1152,7.4219
6,2388.2,6,8,8.1152,7.4463
6,2388.3,6,8,8.0762,7.4219
6,2388.4,6,8,8.1201,7.417
6,2388.5,6,8,8.1299,7.4609
6,2388.6,6,8,8.1348,7.4414
6,2388.7,6,8,8.1152,7.4365
6,2388.8,6,8,8.1006,7.4609
6,2388.9,6,8,8.1152,7.4561
6,2389,6,8,8.0957,7.4512
6,2389.1,6,8,8.0859,7.4512
6,2389.2,6,8,8.125,7.417
6,2389.3,6,8,8.1299,7.4365
6,2389.4,6,8,8.1006,7.4072
6,2389.5,6,8,8.1104,7.4365
6,2389.6,6,8,8.125,7.417
6,2389.7,6,8,8.1152,7.4365
6,2389.8,6,8,8.0957,7.4512
6,2389.9,6,8,8.1445,7.4414
6,2390,6,8,8.1348,7.4707
6,2390.1,6,8,8.1299,7.4609
6,2390.2,6,8,8.125,7.4365
6,2390.3,6,8,8.0957,7.4561
6,2390.4,6,8,8.1006,7.4658
6,2390.5,6,8,8.0518,7.417
6,2390.6,6,8,8.0957,7.4121
6,2390.7,6,8,8.1299,7.4268
6,2390.8,6,8,8.1104,7.4609
6,2390.9,6,8,8.1006,7.4561
6,2391,6,8,8.1152,7.4072
6,2391.1,6,8,8.1152,7.4365
6,2391.2,6,8,8.0908,7.4463
6,2391.3,6,8,8.1055,7.4365
6,2391.4,6,8,8.0859,7.4512
6,2391.5,6,8,8.1055,7.4316
6,2391.6,6,8,8.1006,7.3877
6,2391.7,6,8,8.1348,7.4365
6,2391.8,6,8,8.1055,7.4365
6,2391.9,6,8,8.0957,7.4512
6,2392,6,8,8.1201,7.4756
6,2392.1,6,8,8.0957,7.4463
6,2392.2,6,8,8.0859,7.4316
6,2392.3,6,8,8.1055,7.4512
6,2392.4,6,8,8.0908,7.4609
6,2392.5,6,8,8.1445,7.4707
6,2392.6,6,8,8.1006,7.4609
6,2392.7,6,8,8.0615,7.4365
6,2392.8,6,8,8.0908,7.4561
6,2392.9,6,8,8.0908,7.4658
6,2393,6,8,8.0908,7.4561
6,2393.1,6,8,8.1006,7.4561
6,2393.2,6,8,8.0908,7.4658
6,2393.3,6,8,8.1348,7.4268
6,2393.4,6,8,8.1152,7.4365
6,2393.5,6,8,8.0957,7.4609
6,2393.6,6,8,8.1299,7.4219
6,2393.7,6,8,8.0908,7.4365
6,2393.8,6,8,8.0762,7.417
6,2393.9,6,8,8.1152,7.4414
6,2394,6,8,8.1055,7.4512
6,2394.1,6,8,8.1201,7.4121
6,2394.2,6,8,8.1055,7.4463
6,2394.3,6,8,8.1104,7.4316
6,2394.4,6,8,8.1201,7.417
6,2394.5,6,8,8.1152,7.4316
6,2394.6,6,8,8.0811,7.4316
6,2394.7,6,8,8.0664,7.4609
6,2394.8,6,8,8.1299,7.4316
6,2394.9,6,8,8.1055,7.417
6,2395,6,8,8.1201,7.4512
6,2395.1,6,8,8.1006,7.4219
6,2395.2,6,8,8.0811,7.4512
6,2395.3,6,8,8.0957,7.4561
6,2395.4,6,8,8.0859,7.417
6,2395.5,6,8,8.0859,7.4561
6,2395.6,6,8,8.0957,7.4316
6,2395.7,6,8,8.1299,7.4463
6,2395.8,6,8,8.1152,7.4121
6,2395.9,6,8,8.0957,7.4365
6,2396,6,8,8.0713,7.4463
6,2396.1,6,8,8.0957,7.4219
6,2396.2,6,8,8.1201,7.4512
6,2396.3,6,8,8.0811,7.4561
6,2396.4,6,8,8.1006,7.4609
6,2396.5,6,8,8.0762,7.4561
6,2396.6,6,8,8.1055,7.4268
6,2396.7,6,8,8.0811,7.4121
6,2396.8,6,8,8.0908,7.4316
6,2396.9,6,8,8.125,7.4219
6,2397,6,8,8.1299,7.4316
6,2397.1,6,8,8.1055,7.4658
6,2397.2,6,8,8.125,7.4316
6,2397.3,6,8,8.0957,7.4707
6,2397.4,6,8,8.1104,7.4365
6,2397.5,6,8,8.1201,7.4268
6,2397.6,6,8,8.1055,7.4072
6,2397.7,6,8,8.1152,7.4268
6,2397.8,6,8,8.0762,7.4561
6,2397.9,6,8,8.1152,7.4512
6,2398,6,8,8.0859,7.417
6,2398.1,6,8,8.0859,7.4463
6,2398.2,6,8,8.1104,7.4072
6,2398.3,6,8,8.0957,7.4609
6,2398.4,6,8,8.0811,7.4512
6,2398.5,6,8,8.0762,7.4072
6,2398.6,6,8,8.0811,7.4609
6,2398.7,6,8,8.0713,7.4561
6,2398.8,6,8,8.0762,7.4658
6,2398.9,6,8,8.1006,7.4365
6,2399,6,8,8.0664,7.4756
6,2399.1,6,8,8.1055,7.4512
6,2399.2,6,8,8.0762,7.4316
6,2399.3,6,8,8.1104,7.4121
6,2399.4,6,8,8.0957,7.4219
6,2399.5,6,8,8.0908,7.4609
6,2399.6,6,8,8.0957,7.4072
6,2399.7,6,8,8.1152,7.3975
6,2399.8,6,8,8.0518,7.417
7,2669.9,7,8,8.3008,7.6416
7,2670,7,8,8.3008,7.6416
7,2670.1,7,8,8.3105,7.6562
7,2670.2,7,8,8.3447,7.6367
7,2670.3,7,8,8.291,7.6416
7,2670.4,7,8,8.3447,7.6562
7,2670.5,7,8,8.3154,7.6709
7,2670.6,7,8,8.3057,7.666
7,2670.7,7,8,8.3252,7.6611
7,2670.8,7,8,8.3252,7.6562
7,2670.9,7,8,8.3057,7.6562
7,2671,7,8,8.3252,7.6465
7,2671.1,7,8,8.3057,7.6807
7,2671.2,7,8,8.335,7.6172
7,2671.3,7,8,8.3008,7.6758
7,2671.4,7,8,8.3105,7.6709
7,2671.5,7,8,8.3398,7.6416
7,2671.6,7,8,8.3301,7.6416
7,2671.7,7,8,8.3057,7.6416
7,2671.8,7,8,8.2959,7.6758
7,2671.9,7,8,8.3057,7.6562
7,2672,7,8,8.3154,7.6318
7,2672.1,7,8,8.3057,7.666
7,2672.2,7,8,8.3203,7.666
7,2672.3,7,8,8.3447,7.6416
7,2672.4,7,8,8.3301,7.6318
7,2672.5,7,8,8.3154,7.6465
7,2672.6,7,8,8.3057,7.666
7,2672.7,7,8,8.2959,7.6709
7,2672.8,7,8,8.3301,7.6562
7,2672.9,7,8,8.3008,7.6611
7,2673,7,8,8.3496,7.6318
7,2673.1,7,8,8.3203,7.6514
7,2673.2,7,8,8.335,7.6465
7,2673.3,7,8,8.3398,7.6123
7,2673.4,7,8,8.3252,7.6172
7,2673.5,7,8,8.3105,7.6562
7,2673.6,7,8,8.3008,7.666
7,2673.7,7,8,8.3203,7.6465
7,2673.8,7,8,8.3105,7.6318
7,2673.9,7,8,8.3252,7.6514
7,2674,7,8,8.3398,7.6611
7,2674.1,7,8,8.3105,7.6709
7,2674.2,7,8,8.3301,7.6514
7,2674.3,7,8,8.3154,7.6367
7,2674.4,7,8,8.3057,7.6562
7,2674.5,7,8,8.3301,7.6709
7,2674.6,7,8,8.3105,7.6611
7,2674.7,7,8,8.3203,7.6611
7,2674.8,7,8,8.3252,7.6514
7,2674.9,7,8,8.3154,7.6562
7,2675,7,8,8.3301,7.6465
7,2675.1,7,8,8.3252,7.6318
7,2675.2,7,8,8.3105,7.6416
7,2675.3,7,8,8.2959,7.6807
7,2675.4,7,8,8.3203,7.6562
7,2675.5,7,8,8.3447,7.5928
7,2675.6,7,8,8.3252,7.6416
7,2675.7,7,8,8.3447,7.6611
7,2675.8,7,8,8.3105,7.666
7,2675.9,7,8,8.3301,7.6709
7,2676,7,8,8.335,7.6514
7,2676.1,7,8,8.3252,7.6514
7,2676.2,7,8,8.3203,7.666
7,2676.3,7,8,8.3057,7.6562
7,2676.4,7,8,8.335,7.6074
7,2676.5,7,8,8.3008,7.666
7,2676.6,7,8,8.335,7.6514
7,2676.7,7,8,8.3398,7.6611
7,2676.8,7,8,8.3105,7.6465
7,2676.9,7,8,8.3398,7.6758
7,2677,7,8,8.335,7.666
7,2677.1,7,8,8.3252,7.6367
7,2677.2,7,8,8.3252,7.6318
7,2677.3,7,8,8.3203,7.666
7,2677.4,7,8,8.3447,7.6367
7,2677.5,7,8,8.3057,7.6758
7,2677.6,7,8,8.3301,7.6367
7,2677.7,7,8,8.3447,7.6611
7,2677.8,7,8,8.3154,7.6611
7,2677.9,7,8,8.3301,7.6465
7,2678,7,8,8.3105,7.6758
7,2678.1,7,8,8.3398,7.6709
7,2678.2,7,8,8.3447,7.6465
7,2678.3,7,8,8.3008,7.6807
7,2678.4,7,8,8.3203,7.6758
7,2678.5,7,8,8.3154,7.6465
7,2678.6,7,8,8.3203,7.6611
7,2678.7,7,8,8.3008,7.6611
7,2678.8,7,8,8.335,7.6465
7,2678.9,7,8,8.3008,7.6758
7,2679,7,8,8.3057,7.6611
7,2679.1,7,8,8.3154,7.6807
7,2679.2,7,8,8.3154,7.6709
7,2679.3,7,8,8.3203,7.6807
7,2679.4,7,8,8.3398,7.6367
7,2679.5,7,8,8.3008,7.6416
7,2679.6,7,8,8.3203,7.6562
7,2679.7,7,8,8.3057,7.6807
7,2679.8,7,8,8.3057,7.6807
7,2679.9,7,8,8.3447,7.6758
7,2680,7,8,8.3105,7.6855
7,2680.1,7,8,8.3057,7.666
7,2680.2,7,8,8.3398,7.6416
7,2680.3,7,8,8.3008,7.6562
7,2680.4,7,8,8.3447,7.6416
7,2680.5,7,8,8.2861,7.6416
7,2680.6,7,8,8.3008,7.6514
7,2680.7,7,8,8.3008,7.6562
7,2680.8,7,8,8.2959,7.6611
7,2680.9,7,8,8.3154,7.6465
7,2681,7,8,8.335,7.6611
7,2681.1,7,8,8.3057,7.6709
7,2681.2,7,8,8.3301,7.6416
7,2681.3,7,8,8.3301,7.6367
7,2681.4,7,8,8.3105,7.6611
7,2681.5,7,8,8.3203,7.6172
7,2681.6,7,8,8.3301,7.6221
7,2681.7,7,8,8.3398,7.6416
7,2681.8,7,8,8.3154,7.666
7,2681.9,7,8,8.3057,7.6758
7,2682,7,8,8.3203,7.6709
7,2682.1,7,8,8.3398,7.6514
7,2682.2,7,8,8.3447,7.6611
7,2682.3,7,8,8.3252,7.6611
7,2682.4,7,8,8.3105,7.6758
7,2682.5,7,8,8.3203,7.6514
7,2682.6,7,8,8.3203,7.6514
7,2682.7,7,8,8.3398,7.6318
7,2682.8,7,8,8.3154,7.6709
7,2682.9,7,8,8.335,7.6562
7,2683,7,8,8.3447,7.6465
7,2683.1,7,8,8.3301,7.6465
7,2683.2,7,8,8.3105,7.6807
7,2683.3,7,8,8.3252,7.6465
7,2683.4,7,8,8.335,7.6758
7,2683.5,7,8,8.3057,7.6611
7,2683.6,7,8,8.3398,7.6514
7,2683.7,7,8,8.3105,7.6562
7,2683.8,7,8,8.3545,7.6562
7,2683.9,7,8,8.3154,7.6172
7,2684,7,8,8.3203,7.6465
7,2684.1,7,8,8.3203,7.6562
7,2684.2,7,8,8.3057,7.6465
7,2684.3,7,8,8.2959,7.6611
7,2684.4,7,8,8.3447,7.6416
7,2684.5,7,8,8.3057,7.6611
7,2684.6,7,8,8.3105,7.6758
7,2684.7,7,8,8.3398,7.6611
7,2684.8,7,8,8.3398,7.6416
7,2684.9,7,8,8.3398,7.6318
7,2685,7,8,8.3301,7.6465
7,2685.1,7,8,8.3105,7.6709
7,2685.2,7,8,8.3203,7.6367
7,2685.3,7,8,8.3496,7.627
7,2685.4,7,8,8.3398,7.6367
7,2685.5,7,8,8.3301,7.6367
7,2685.6,7,8,8.3057,7.6611
7,2685.7,7,8,8.3105,7.6465
7,2685.8,7,8,8.3008,7.6367
7,2685.9,7,8,8.3105,7.6514
7,2686,7,8,8.3398,7.6611
7,2686.1,7,8,8.3447,7.6465
7,2686.2,7,8,8.3105,7.6758
7,2686.3,7,8,8.335,7.6367
7,2686.4,7,8,8.3008,7.6807
7,2686.5,7,8,8.3447,7.6416
7,2686.6,7,8,8.3398,7.6758
7,2686.7,7,8,8.3008,7.6807
7,2686.8,7,8,8.3203,7.6514
7,2686.9,7,8,8.3154,7.6758
7,2687,7,8,8.3105,7.6855
7,2687.1,7,8,8.3252,7.6562
7,2687.2,7,8,8.3252,7.6562
7,2687.3,7,8,8.3398,7.6465
7,2687.4,7,8,8.3447,7.6611
7,2687.5,7,8,8.335,7.6514
7,2687.6,7,8,8.3105,7.6855
7,2687.7,7,8,8.335,7.6611
7,2687.8,7,8,8.3252,7.6416
7,2687.9,7,8,8.3496,7.6416
7,2688,7,8,8.3398,7.6611
7,2688.1,7,8,8.3105,7.6807
7,2688.2,7,8,8.3252,7.6807
7,2688.3,7,8,8.3008,7.6758
7,2688.4,7,8,8.3154,7.6514
7,2688.5,7,8,8.3105,7.6758
7,2688.6,7,8,8.335,7.6514
7,2688.7,7,8,8.3252,7.6709
7,2688.8,7,8,8.3398,7.6562
7,2688.9,7,8,8.3496,7.6562
7,2689,7,8,8.3154,7.6855
7,2689.1,7,8,8.3545,7.6416
7,2689.2,7,8,8.3203,7.6416
7,2689.3,7,8,8.3252,7.6465
7,2689.4,7,8,8.3008,7.6758
7,2689.5,7,8,8.3105,7.6758
7,2689.6,7,8,8.3057,7.6709
7,2689.7,7,8,8.3447,7.6807
7,2689.8,7,8,8.3057,7.666
7,2689.9,7,8,8.3447,7.6562
7,2690,7,8,8.3545,7.6514
7,2690.1,7,8,8.3154,7.6416
7,2690.2,7,8,8.3154,7.6807
7,2690.3,7,8,8.335,7.6709
7,2690.4,7,8,8.335,7.6709
7,2690.5,7,8,8.3008,7.6514
7,2690.6,7,8,8.3105,7.6709
7,2690.7,7,8,8.3252,7.6562
7,2690.8,7,8,8.3154,7.6758
7,2690.9,7,8,8.3057,7.6611
7,2691,7,8,8.3301,7.6709
7,2691.1,7,8,8.3105,7.6709
7,2691.2,7,8,8.335,7.666
7,2691.3,7,8,8.3252,7.6562
7,2691.4,7,8,8.3057,7.6807
7,2691.5,7,8,8.3008,7.6758
7,2691.6,7,8,8.291,7.6416
7,2691.7,7,8,8.3057,7.6807
7,2691.8,7,8,8.3203,7.6709
7,2691.9,7,8,8.3057,7.627
7,2692,7,8,8.3252,7.6562
7,2692.1,7,8,8.3301,7.6465
7,2692.2,7,8,8.3203,7.666
7,2692.3,7,8,8.3447,7.6562
7,2692.4,7,8,8.3398,7.6758
7,2692.5,7,8,8.3057,7.6318
7,2692.6,7,8,8.3447,7.6709
7,2692.7,7,8,8.3301,7.666
7,2692.8,7,8,8.3545,7.6562
7,2692.9,7,8,8.3398,7.6611
7,2693,7,8,8.3203,7.6562
7,2693.1,7,8,8.335,7.6514
7,2693.2,7,8,8.3105,7.6611
7,2693.3,7,8,8.3105,7.6514
7,2693.4,7,8,8.3105,7.6709
7,2693.5,7,8,8.3447,7.6465
7,2693.6,7,8,8.3594,7.6562
7,2693.7,7,8,8.3301,7.6709
7,2693.8,7,8,8.3545,7.6611
7,2693.9,7,8,8.3252,7.627
7,2694,7,8,8.3545,7.6465
7,2694.1,7,8,8.3594,7.6465
7,2694.2,7,8,8.3496,7.6514
7,2694.3,7,8,8.3496,7.6465
7,2694.4,7,8,8.3203,7.6709
7,2694.5,7,8,8.3252,7.666
7,2694.6,7,8,8.3447,7.6562
7,2694.7,7,8,8.3154,7.666
7,2694.8,7,8,8.3105,7.6709
7,2694.9,7,8,8.3301,7.6465
7,2695,7,8,8.3496,7.6416
7,2695.1,7,8,8.3252,7.6465
7,2695.2,7,8,8.3057,7.666
7,2695.3,7,8,8.3545,7.666
7,2695.4,7,8,8.3447,7.6562
7,2695.5,7,8,8.3203,7.6807
7,2695.6,7,8,8.3545,7.6465
7,2695.7,7,8,8.3301,7.6758
7,2695.8,7,8,8.3398,7.6562
7,2695.9,7,8,8.3203,7.6953
7,2696,7,8,8.3496,7.6514
7,2696.1,7,8,8.3398,7.6855
7,2696.2,7,8,8.3252,7.6611
7,2696.3,7,8,8.3398,7.666
7,2696.4,7,8,8.3252,7.6416
7,2696.5,7,8,8.3203,7.666
7,2696.6,7,8,8.3252,7.6758
7,2696.7,7,8,8.3154,7.6611
7,2696.8,7,8,8.3496,7.6514
7,2696.9,7,8,8.3154,7.6562
7,2697,7,8,8.3105,7.6709
7,2697.1,7,8,8.3154,7.6855
7,2697.2,7,8,8.3301,7.666
7,2697.3,7,8,8.3447,7.6611
7,2697.4,7,8,8.3105,7.6758
7,2697.5,7,8,8.3203,7.6807
7,2697.6,7,8,8.3057,7.6416
7,2697.7,7,8,8.3154,7.666
7,2697.8,7,8,8.3252,7.6465
7,2697.9,7,8,8.3105,7.6709
7,2698,7,8,8.335,7.6807
7,2698.1,7,8,8.3252,7.6709
7,2698.2,7,8,8.3398,7.6562
7,2698.3,7,8,8.3252,7.6514
7,2698.4,7,8,8.3398,7.6416
7,2698.5,7,8,8.3301,7.666
7,2698.6,7,8,8.2764,7.6855
7,2698.7,7,8,8.3203,7.6416
7,2698.8,7,8,8.3252,7.6758
7,2698.9,7,8,8.3154,7.6855
7,2699,7,8,8.3105,7.6611
7,2699.1,7,8,8.3398,7.6465
7,2699.2,7,8,8.3398,7.6416
7,2699.3,7,8,8.3105,7.6758
7,2699.4,7,8,8.335,7.6367
7,2699.5,7,8,8.3154,7.6855
7,2699.6,7,8,8.335,7.6465
7,2699.7,7,8,8.3447,7.666
7,2699.8,7,8,8.3203,7.6465
8,2969.9,8,8,8.3447,7.7295
8,2970,8,8,8.3838,7.71
8,2970.1,8,8,8.3496,7.7197
8,2970.2,8,8,8.3789,7.666
8,2970.3,8,8,8.3398,7.7051
8,2970.4,8,8,8.374,7.6904
8,2970.5,8,8,8.3594,7.6855
8,2970.6,8,8,8.3643,7.6855
8,2970.7,8,8,8.3447,7.7051
8,2970.8,8,8,8.374,7.6758
8,2970.9,8,8,8.3643,7.7051
8,2971,8,8,8.3789,7.6709
8,2971.1,8,8,8.3545,7.7002
8,2971.2,8,8,8.3398,7.71
8,2971.3,8,8,8.374,7.7051
8,2971.4,8,8,8.374,7.6709
8,2971.5,8,8,8.3594,7.6953
8,2971.6,8,8,8.335,7.7148
8,2971.7,8,8,8.3594,7.7051
8,2971.8,8,8,8.374,7.6953
8,2971.9,8,8,8.3496,7.6709
8,2972,8,8,8.3447,7.7051
8,2972.1,8,8,8.3691,7.6855
8,2972.2,8,8,8.3691,7.7051
8,2972.3,8,8,8.3496,7.7148
8,2972.4,8,8,8.3838,7.6904
8,2972.5,8,8,8.3838,7.6953
8,2972.6,8,8,8.3838,7.6709
8,2972.7,8,8,8.3838,7.6904
8,2972.8,8,8,8.3691,7.6807
8,2972.9,8,8,8.3691,7.6807
8,2973,8,8,8.3301,7.71
8,2973.1,8,8,8.3838,7.6758
8,2973.2,8,8,8.3594,7.7002
8,2973.3,8,8,8.3496,7.7051
8,2973.4,8,8,8.3301,7.7148
8,2973.5,8,8,8.3789,7.6904
8,2973.6,8,8,8.374,7.7002
8,2973.7,8,8,8.3398,7.7197
8,2973.8,8,8,8.3545,7.6855
8,2973.9,8,8,8.3447,7.71
8,2974,8,8,8.3789,7.6855
8,2974.1,8,8,8.3545,7.6953
8,2974.2,8,8,8.3203,7.6904
8,2974.3,8,8,8.3594,7.6758
8,2974.4,8,8,8.3496,7.7002
8,2974.5,8,8,8.335,7.6904
8,2974.6,8,8,8.3643,7.6855
8,2974.7,8,8,8.3594,7.6758
8,2974.8,8,8,8.374,7.6758
8,2974.9,8,8,8.3496,7.71
8,2975,8,8,8.335,7.71
8,2975.1,8,8,8.3301,7.7051
8,2975.2,8,8,8.3691,7.666
8,2975.3,8,8,8.374,7.6709
8,2975.4,8,8,8.3398,7.6904
8,2975.5,8,8,8.3789,7.7148
8,2975.6,8,8,8.3545,7.7148
8,2975.7,8,8,8.3838,7.6807
8,2975.8,8,8,8.3789,7.6807
8,2975.9,8,8,8.3252,7.7148
8,2976,8,8,8.3643,7.6904
8,2976.1,8,8,8.3643,7.71
8,2976.2,8,8,8.3887,7.7295
8,2976.3,8,8,8.3545,7.6855
8,2976.4,8,8,8.3643,7.6953
8,2976.5,8,8,8.3691,7.6807
8,2976.6,8,8,8.3789,7.6953
8,2976.7,8,8,8.3496,7.6758
8,2976.8,8,8,8.3887,7.7051
8,2976.9,8,8,8.3594,7.6807
8,2977,8,8,8.3643,7.6904
8,2977.1,8,8,8.3496,7.6758
8,2977.2,8,8,8.3887,7.7148
8,2977.3,8,8,8.3447,7.6758
8,2977.4,8,8,8.374,7.7051
8,2977.5,8,8,8.3643,7.7051
8,2977.6,8,8,8.3691,7.6807
8,2977.7,8,8,8.374,7.71
8,2977.8,8,8,8.3789,7.7148
8,2977.9,8,8,8.3496,7.7197
8,2978,8,8,8.3594,7.7197
8,2978.1,8,8,8.3789,7.6758
8,2978.2,8,8,8.3691,7.6855
8,2978.3,8,8,8.374,7.71
8,2978.4,8,8,8.3496,7.6953
8,2978.5,8,8,8.3643,7.7148
8,2978.6,8,8,8.374,7.6807
8,2978.7,8,8,8.3545,7.71
8,2978.8,8,8,8.3594,7.6807
8,2978.9,8,8,8.3691,7.6807
8,2979,8,8,8.3496,7.7197
8,2979.1,8,8,8.3496,7.6758
8,2979.2,8,8,8.335,7.6855
8,2979.3,8,8,8.3789,7.6904
8,2979.4,8,8,8.3545,7.6758
8,2979.5,8,8,8.3545,7.6709
8,2979.6,8,8,8.3838,7.7002
8,2979.7,8,8,8.3887,7.6758
8,2979.8,8,8,8.374,7.7148
8,2979.9,8,8,8.3447,7.7148
8,2980,8,8,8.3545,7.6807
8,2980.1,8,8,8.374,7.6758
8,2980.2,8,8,8.3545,7.6807
8,2980.3,8,8,8.3447,7.6758
8,2980.4,8,8,8.3496,7.6904
8,2980.5,8,8,8.335,7.7148
8,2980.6,8,8,8.374,7.7051
8,2980.7,8,8,8.3594,7.6855
8,2980.8,8,8,8.3447,7.6709
8,2980.9,8,8,8.374,7.6807
8,2981,8,8,8.335,7.6953
8,2981.1,8,8,8.374,7.6709
8,2981.2,8,8,8.3301,7.7148
8,2981.3,8,8,8.3301,7.71
8,2981.4,8,8,8.3301,7.6953
8,2981.5,8,8,8.3301,7.71
8,2981.6,8,8,8.3301,7.7148
8,2981.7,8,8,8.3643,7.6807
8,2981.8,8,8,8.3447,7.7051
8,2981.9,8,8,8.3301,7.7051
8,2982,8,8,8.3252,7.7148
8,2982.1,8,8,8.3301,7.7051
8,2982.2,8,8,8.3252,7.6953
8,2982.3,8,8,8.3691,7.6807
8,2982.4,8,8,8.3203,7.7197
8,2982.5,8,8,8.3301,7.7051
8,2982.6,8,8,8.3252,7.7148
8,2982.7,8,8,8.3594,7.6807
8,2982.8,8,8,8.3252,7.6904
8,2982.9,8,8,8.3545,7.7002
8,2983,8,8,8.291,7.7148
8,2983.1,8,8,8.3301,7.7148
8,2983.2,8,8,8.3301,7.6953
8,2983.3,8,8,8.3398,7.7197
8,2983.4,8,8,8.3398,7.71
8,2983.5,8,8,8.3691,7.6807
8,2983.6,8,8,8.3594,7.7148
8,2983.7,8,8,8.3447,7.6855
8,2983.8,8,8,8.3643,7.6758
8,2983.9,8,8,8.335,7.71
8,2984,8,8,8.3594,7.6953
8,2984.1,8,8,8.3643,7.6758
8,2984.2,8,8,8.3496,7.71
8,2984.3,8,8,8.3398,7.71
8,2984.4,8,8,8.3545,7.6855
8,2984.5,8,8,8.335,7.7051
8,2984.6,8,8,8.335,7.6855
8,2984.7,8,8,8.3252,7.7148
8,2984.8,8,8,8.3447,7.7148
8,2984.9,8,8,8.3545,7.6758
8,2985,8,8,8.3447,7.6758
8,2985.1,8,8,8.3691,7.6953
8,2985.2,8,8,8.3496,7.6709
8,2985.3,8,8,8.3301,7.71
8,2985.4,8,8,8.3398,7.71
8,2985.5,8,8,8.3496,7.6855
8,2985.6,8,8,8.3643,7.6953
8,2985.7,8,8,8.3691,7.6709
8,2985.8,8,8,8.3643,7.6855
8,2985.9,8,8,8.3496,7.6953
8,2986,8,8,8.3594,7.6953
8,2986.1,8,8,8.3545,7.6855
8,2986.2,8,8,8.374,7.6855
8,2986.3,8,8,8.335,7.71
8,2986.4,8,8,8.374,7.6807
8,2986.5,8,8,8.3008,7.7197
8,2986.6,8,8,8.3594,7.6953
8,2986.7,8,8,8.3691,7.6807
8,2986.8,8,8,8.3398,7.71
8,2986.9,8,8,8.3301,7.7148
8,2987,8,8,8.3496,7.6807
8,2987.1,8,8,8.3545,7.6807
8,2987.2,8,8,8.3691,7.6758
8,2987.3,8,8,8.3594,7.6807
8,2987.4,8,8,8.374,7.6758
8,2987.5,8,8,8.3691,7.7148
8,2987.6,8,8,8.3447,7.7148
8,2987.7,8,8,8.3691,7.6904
8,2987.8,8,8,8.335,7.7148
8,2987.9,8,8,8.3447,7.7246
8,2988,8,8,8.3447,7.71
8,2988.1,8,8,8.3594,7.6855
8,2988.2,8,8,8.3301,7.6953
8,2988.3,8,8,8.3691,7.71
8,2988.4,8,8,8.3301,7.7148
8,2988.5,8,8,8.3447,7.6953
8,2988.6,8,8,8.3496,7.7148
8,2988.7,8,8,8.3594,7.6953
8,2988.8,8,8,8.374,7.6904
8,2988.9,8,8,8.3643,7.7051
8,2989,8,8,8.3545,7.7051
8,2989.1,8,8,8.3545,7.6953
8,2989.2,8,8,8.3447,7.7148
8,2989.3,8,8,8.3789,7.6758
8,2989.4,8,8,8.3643,7.7148
8,2989.5,8,8,8.3545,7.7051
8,2989.6,8,8,8.3447,7.6953
8,2989.7,8,8,8.374,7.6953
8,2989.8,8,8,8.3545,7.71
8,2989.9,8,8,8.3789,7.6904
8,2990,8,8,8.3301,7.7197
8,2990.1,8,8,8.3643,7.666
8,2990.2,8,8,8.3594,7.6855
8,2990.3,8,8,8.3545,7.7051
8,2990.4,8,8,8.3691,7.71
8,2990.5,8,8,8.3447,7.7197
8,2990.6,8,8,8.335,7.7148
8,2990.7,8,8,8.3643,7.6855
8,2990.8,8,8,8.3691,7.6904
8,2990.9,8,8,8.3643,7.6953
8,2991,8,8,8.3398,7.71
8,2991.1,8,8,8.3496,7.6709
8,2991.2,8,8,8.3496,7.6953
8,2991.3,8,8,8.3447,7.6953
8,2991.4,8,8,8.3643,7.6904
8,2991.5,8,8,8.335,7.7197
8,2991.6,8,8,8.374,7.6807
8,2991.7,8,8,8.335,7.7148
8,2991.8,8,8,8.3301,7.71
8,2991.9,8,8,8.3643,7.6953
8,2992,8,8,8.3447,7.6953
8,2992.1,8,8,8.3252,7.7197
8,2992.2,8,8,8.3496,7.6855
8,2992.3,8,8,8.3545,7.6855
8,2992.4,8,8,8.3545,7.7002
8,2992.5,8,8,8.3594,7.6855
8,2992.6,8,8,8.3398,7.6514
8,2992.7,8,8,8.374,7.7197
8,2992.8,8,8,8.374,7.6758
8,2992.9,8,8,8.3447,7.7051
8,2993,8,8,8.3789,7.6855
8,2993.1,8,8,8.3398,7.6855
8,2993.2,8,8,8.3447,7.6807
8,2993.3,8,8,8.3398,7.6855
8,2993.4,8,8,8.3594,7.7344
8,2993.5,8,8,8.3594,7.6758
8,2993.6,8,8,8.3447,7.6514
8,2993.7,8,8,8.3643,7.7002
8,2993.8,8,8,8.3691,7.6855
8,2993.9,8,8,8.3643,7.6562
8,2994,8,8,8.3838,7.6855
8,2994.1,8,8,8.3789,7.6855
8,2994.2,8,8,8.3496,7.7148
8,2994.3,8,8,8.374,7.6758
8,2994.4,8,8,8.374,7.6953
8,2994.5,8,8,8.3594,7.7197
8,2994.6,8,8,8.3496,7.6904
8,2994.7,8,8,8.3447,7.7148
8,2994.8,8,8,8.3838,7.7002
8,2994.9,8,8,8.3789,7.6807
8,2995,8,8,8.3447,7.7051
8,2995.1,8,8,8.3643,7.6758
8,2995.2,8,8,8.3496,7.71
8,2995.3,8,8,8.3789,7.6611
8,2995.4,8,8,8.3447,7.6855
8,2995.5,8,8,8.3398,7.6807
8,2995.6,8,8,8.3594,7.7197
8,2995.7,8,8,8.3496,7.71
8,2995.8,8,8,8.3643,7.6953
8,2995.9,8,8,8.3643,7.7051
8,2996,8,8,8.3447,7.7051
8,2996.1,8,8,8.3594,7.71
8,2996.2,8,8,8.3398,7.6807
8,2996.3,8,8,8.3594,7.6953
8,2996.4,8,8,8.3838,7.6758
8,2996.5,8,8,8.3398,7.71
8,2996.6,8,8,8.374,7.6953
8,2996.7,8,8,8.3789,7.6758
8,2996.8,8,8,8.3643,7.7197
8,2996.9,8,8,8.3447,7.6953
8,2997,8,8,8.3545,7.6807
8,2997.1,8,8,8.374,7.6807
8,2997.2,8,8,8.3545,7.7197
8,2997.3,8,8,8.3789,7.6807
8,2997.4,8,8,8.3643,7.7002
8,2997.5,8,8,8.335,7.7197
8,2997.6,8,8,8.3398,7.7148
8,2997.7,8,8,8.335,7.7197
8,2997.8,8,8,8.3496,7.71
8,2997.9,8,8,8.3496,7.6855
8,2998,8,8,8.3545,7.7002
8,2998.1,8,8,8.3594,7.71
8,2998.2,8,8,8.3447,7.7148
8,2998.3,8,8,8.3447,7.7197
8,2998.4,8,8,8.3691,7.6807
8,2998.5,8,8,8.374,7.7197
8,2998.6,8,8,8.374,7.6562
8,2998.7,8,8,8.3398,7.7197
8,2998.8,8,8,8.3789,7.6855
8,2998.9,8,8,8.3496,7.71
8,2999,8,8,8.3496,7.7197
8,2999.1,8,8,8.3594,7.7051
8,2999.2,8,8,8.374,7.7051
8,2999.3,8,8,8.3691,7.7051
8,2999.4,8,8,8.3838,7.71
8,2999.5,8,8,8.3838,7.6953
8,2999.6,8,8,8.3838,7.6807
8,2999.7,8,8,8.374,7.6855
8,2999.8,8,8,8.3594,7.71
9,3269.9,9,8,8.3447,7.7393
9,3270,9,8,8.3447,7.7295
9,3270.1,9,8,8.374,7.7197
9,3270.2,9,8,8.3594,7.7051
9,3270.3,9,8,8.3496,7.7393
9,3270.4,9,8,8.335,7.7051
9,3270.5,9,8,8.3789,7.7197
9,3270.6,9,8,8.3496,7.7344
9,3270.7,9,8,8.3789,7.7393
9,3270.8,9,8,8.3691,7.7344
9,3270.9,9,8,8.3545,7.7393
9,3271,9,8,8.3936,7.7344
9,3271.1,9,8,8.3789,7.71
9,3271.2,9,8,8.3643,7.7344
9,3271.3,9,8,8.3496,7.7246
9,3271.4,9,8,8.3643,7.7148
9,3271.5,9,8,8.374,7.6953
9,3271.6,9,8,8.3545,7.6953
9,3271.7,9,8,8.3691,7.7246
9,3271.8,9,8,8.3789,7.6953
9,3271.9,9,8,8.3838,7.7148
9,3272,9,8,8.3594,7.7344
9,3272.1,9,8,8.3496,7.7344
9,3272.2,9,8,8.3789,7.7002
9,3272.3,9,8,8.3887,7.7051
9,3272.4,9,8,8.3643,7.7197
9,3272.5,9,8,8.3691,7.7246
9,3272.6,9,8,8.3594,7.7295
9,3272.7,9,8,8.374,7.7295
9,3272.8,9,8,8.3887,7.6953
9,3272.9,9,8,8.3398,7.7295
9,3273,9,8,8.3594,7.6904
9,3273.1,9,8,8.3545,7.7148
9,3273.2,9,8,8.3496,7.7393
9,3273.3,9,8,8.3545,7.7295
9,3273.4,9,8,8.3643,7.7148
9,3273.5,9,8,8.374,7.7051
9,3273.6,9,8,8.3887,7.6904
9,3273.7,9,8,8.3643,7.7295
9,3273.8,9,8,8.3643,7.7393
9,3273.9,9,8,8.335,7.7295
9,3274,9,8,8.3838,7.71
9,3274.1,9,8,8.374,7.7148
9,3274.2,9,8,8.3643,7.7148
9,3274.3,9,8,8.3789,7.7002
9,3274.4,9,8,8.3643,7.7051
9,3274.5,9,8,8.3594,7.6953
9,3274.6,9,8,8.3887,7.7051
9,3274.7,9,8,8.3496,7.6953
9,3274.8,9,8,8.3594,7.7295
9,3274.9,9,8,8.3838,7.6758
9,3275,9,8,8.3545,7.7246
9,3275.1,9,8,8.3838,7.7197
9,3275.2,9,8,8.3789,7.7002
9,3275.3,9,8,8.3838,7.71
9,3275.4,9,8,8.374,7.7002
9,3275.5,9,8,8.3545,7.6807
9,3275.6,9,8,8.3594,7.7295
9,3275.7,9,8,8.3789,7.71
9,3275.8,9,8,8.3789,7.7051
9,3275.9,9,8,8.3643,7.7344
9,3276,9,8,8.3936,7.6953
9,3276.1,9,8,8.3838,7.7051
9,3276.2,9,8,8.3545,7.7344
9,3276.3,9,8,8.3545,7.7344
9,3276.4,9,8,8.3984,7.7344
9,3276.5,9,8,8.4033,7.7295
9,3276.6,9,8,8.3691,7.7197
9,3276.7,9,8,8.3594,7.7148
9,3276.8,9,8,8.374,7.7344
9,3276.9,9,8,8.4033,7.7002
9,3277,9,8,8.3984,7.7002
9,3277.1,9,8,8.3838,7.6855
9,3277.2,9,8,8.3545,7.7246
9,3277.3,9,8,8.3838,7.7344
9,3277.4,9,8,8.3984,7.7051
9,3277.5,9,8,8.3936,7.7051
9,3277.6,9,8,8.3887,7.7148
9,3277.7,9,8,8.3545,7.6953
9,3277.8,9,8,8.3594,7.7148
9,3277.9,9,8,8.3496,7.7002
9,3278,9,8,8.3496,7.7344
9,3278.1,9,8,8.3838,7.6904
9,3278.2,9,8,8.3447,7.7295
9,3278.3,9,8,8.374,7.7002
9,3278.4,9,8,8.3789,7.7344
9,3278.5,9,8,8.3594,7.7295
9,3278.6,9,8,8.3447,7.7246
9,3278.7,9,8,8.3887,7.7246
9,3278.8,9,8,8.3545,7.7197
9,3278.9,9,8,8.3545,7.6953
9,3279,9,8,8.3887,7.7393
9,3279.1,9,8,8.3789,7.7148
9,3279.2,9,8,8.3594,7.7002
9,3279.3,9,8,8.3838,7.7051
9,3279.4,9,8,8.3789,7.7344
9,3279.5,9,8,8.3984,7.7295
9,3279.6,9,8,8.3545,7.7246
9,3279.7,9,8,8.3789,7.7051
9,3279.8,9,8,8.3838,7.6953
9,3279.9,9,8,8.3691,7.7002
9,3280,9,8,8.3447,7.7051
9,3280.1,9,8,8.374,7.7002
9,3280.2,9,8,8.3643,7.71
9,3280.3,9,8,8.3545,7.7295
9,3280.4,9,8,8.3496,7.7246
9,3280.5,9,8,8.3838,7.7051
9,3280.6,9,8,8.3545,7.7051
9,3280.7,9,8,8.3594,7.7148
9,3280.8,9,8,8.3643,7.7148
9,3280.9,9,8,8.3789,7.7295
9,3281,9,8,8.3447,7.7246
9,3281.1,9,8,8.3496,7.6953
9,3281.2,9,8,8.3594,7.71
9,3281.3,9,8,8.3643,7.7295
9,3281.4,9,8,8.3301,7.6953
9,3281.5,9,8,8.374,7.7246
9,3281.6,9,8,8.3691,7.7246
9,3281.7,9,8,8.3789,7.7148
9,3281.8,9,8,8.3545,7.7148
9,3281.9,9,8,8.3594,7.7197
9,3282,9,8,8.3643,7.7344
9,3282.1,9,8,8.3496,7.7197
9,3282.2,9,8,8.3594,7.6904
9,3282.3,9,8,8.3496,7.7344
9,3282.4,9,8,8.3789,7.7393
9,3282.5,9,8,8.3496,7.7246
9,3282.6,9,8,8.3545,7.7002
9,3282.7,9,8,8.3887,7.6953
9,3282.8,9,8,8.3496,7.7344
9,3282.9,9,8,8.3789,7.7051
9,3283,9,8,8.3936,7.6953
9,3283.1,9,8,8.3691,7.7148
9,3283.2,9,8,8.3789,7.6904
9,3283.3,9,8,8.374,7.6855
9,3283.4,9,8,8.3887,7.6855
9,3283.5,9,8,8.3887,7.7051
9,3283.6,9,8,8.3936,7.7002
9,3283.7,9,8,8.3887,7.71
9,3283.8,9,8,8.3496,7.7295
9,3283.9,9,8,8.3496,7.7393
9,3284,9,8,8.3643,7.7246
9,3284.1,9,8,8.374,7.71
9,3284.2,9,8,8.374,7.7148
9,3284.3,9,8,8.3398,7.7393
9,3284.4,9,8,8.3838,7.7197
9,3284.5,9,8,8.3594,7.7295
9,3284.6,9,8,8.3838,7.7002
9,3284.7,9,8,8.3496,7.71
9,3284.8,9,8,8.3838,7.71
9,3284.9,9,8,8.3838,7.6904
9,3285,9,8,8.3496,7.7246
9,3285.1,9,8,8.3545,7.7148
9,3285.2,9,8,8.3447,7.7002
9,3285.3,9,8,8.3496,7.7295
9,3285.4,9,8,8.3594,7.7148
9,3285.5,9,8,8.3545,7.7393
9,3285.6,9,8,8.3545,7.7344
9,3285.7,9,8,8.3496,7.7344
9,3285.8,9,8,8.3887,7.6953
9,3285.9,9,8,8.3691,7.7246
9,3286,9,8,8.3691,7.7295
9,3286.1,9,8,8.3691,7.7344
9,3286.2,9,8,8.3154,7.7344
9,3286.3,9,8,8.374,7.6904
9,3286.4,9,8,8.3789,7.6904
9,3286.5,9,8,8.3594,7.6904
9,3286.6,9,8,8.3447,7.7393
9,3286.7,9,8,8.3887,7.6904
9,3286.8,9,8,8.3594,7.7148
9,3286.9,9,8,8.3789,7.71
9,3287,9,8,8.3838,7.7148
9,3287.1,9,8,8.3643,7.7246
9,3287.2,9,8,8.3838,7.6904
9,3287.3,9,8,8.3887,7.71
9,3287.4,9,8,8.3545,7.7295
9,3287.5,9,8,8.3398,7.7002
9,3287.6,9,8,8.3691,7.6855
9,3287.7,9,8,8.3691,7.6904
9,3287.8,9,8,8.3691,7.7246
9,3287.9,9,8,8.374,7.7148
9,3288,9,8,8.3496,7.7197
9,3288.1,9,8,8.3691,7.6904
9,3288.2,9,8,8.3447,7.7393
9,3288.3,9,8,8.3691,7.7344
9,3288.4,9,8,8.374,7.71
9,3288.5,9,8,8.3594,7.71
9,3288.6,9,8,8.3691,7.6709
9,3288.7,9,8,8.3301,7.7393
9,3288.8,9,8,8.335,7.7051
9,3288.9,9,8,8.3496,7.7148
9,3289,9,8,8.3203,7.7246
9,3289.1,9,8,8.335,7.7246
9,3289.2,9,8,8.3496,7.7393
9,3289.3,9,8,8.3789,7.7002
9,3289.4,9,8,8.3789,7.6953
9,3289.5,9,8,8.374,7.7148
9,3289.6,9,8,8.3203,7.7197
9,3289.7,9,8,8.3691,7.6953
9,3289.8,9,8,8.3789,7.7295
9,3289.9,9,8,8.3643,7.7344
9,3290,9,8,8.3789,7.7051
9,3290.1,9,8,8.3643,7.7393
9,3290.2,9,8,8.3545,7.6904
9,3290.3,9,8,8.3496,7.7344
9,3290.4,9,8,8.3447,7.7148
9,3290.5,9,8,8.3447,7.6953
9,3290.6,9,8,8.3643,7.7148
9,3290.7,9,8,8.3691,7.7051
9,3290.8,9,8,8.3447,7.7393
9,3290.9,9,8,8.3887,7.6953
9,3291,9,8,8.3496,7.7344
9,3291.1,9,8,8.3398,7.7197
9,3291.2,9,8,8.3447,7.7295
9,3291.3,9,8,8.3398,7.7393
9,3291.4,9,8,8.3447,7.749
9,3291.5,9,8,8.374,7.7051
9,3291.6,9,8,8.3398,7.7246
9,3291.7,9,8,8.3398,7.7393
9,3291.8,9,8,8.3447,7.7246
9,3291.9,9,8,8.3398,7.7051
9,3292,9,8,8.3643,7.7051
9,3292.1,9,8,8.3398,7.7393
9,3292.2,9,8,8.3691,7.7197
9,3292.3,9,8,8.3496,7.71
9,3292.4,9,8,8.3789,7.7002
9,3292.5,9,8,8.3643,7.6904
9,3292.6,9,8,8.3545,7.7246
9,3292.7,9,8,8.3594,7.7002
9,3292.8,9,8,8.3447,7.7051
9,3292.9,9,8,8.3545,7.7148
9,3293,9,8,8.3545,7.7295
9,3293.1,9,8,8.3545,7.7246
9,3293.2,9,8,8.3789,7.7295
9,3293.3,9,8,8.3691,7.7344
9,3293.4,9,8,8.3545,7.7148
9,3293.5,9,8,8.374,7.7051
9,3293.6,9,8,8.3838,7.6953
9,3293.7,9,8,8.374,7.6855
9,3293.8,9,8,8.3496,7.7002
9,3293.9,9,8,8.3398,7.6953
9,3294,9,8,8.335,7.7441
9,3294.1,9,8,8.335,7.7393
9,3294.2,9,8,8.3789,7.7051
9,3294.3,9,8,8.3545,7.7393
9,3294.4,9,8,8.3887,7.7051
9,3294.5,9,8,8.3545,7.7148
9,3294.6,9,8,8.3545,7.7295
9,3294.7,9,8,8.3789,7.7148
9,3294.8,9,8,8.374,7.7002
9,3294.9,9,8,8.3398,7.7002
9,3295,9,8,8.3643,7.7002
9,3295.1,9,8,8.3545,7.7002
9,3295.2,9,8,8.335,7.7344
9,3295.3,9,8,8.3643,7.7197
9,3295.4,9,8,8.3887,7.7344
9,3295.5,9,8,8.374,7.7295
9,3295.6,9,8,8.3447,7.7002
9,3295.7,9,8,8.3447,7.6953
9,3295.8,9,8,8.3838,7.7197
9,3295.9,9,8,8.3691,7.71
9,3296,9,8,8.3691,7.7002
9,3296.1,9,8,8.3594,7.7295
9,3296.2,9,8,8.3838,7.7344
9,3296.3,9,8,8.3691,7.6758
9,3296.4,9,8,8.3887,7.7148
9,3296.5,9,8,8.3691,7.7246
9,3296.6,9,8,8.3496,7.7295
9,3296.7,9,8,8.3594,7.7051
9,3296.8,9,8,8.3594,7.7246
9,3296.9,9,8,8.3447,7.7246
9,3297,9,8,8.3936,7.6953
9,3297.1,9,8,8.3496,7.7295
9,3297.2,9,8,8.3496,7.7344
9,3297.3,9,8,8.3887,7.7002
9,3297.4,9,8,8.3691,7.71
9,3297.5,9,8,8.3789,7.6953
9,3297.6,9,8,8.3691,7.6953
9,3297.7,9,8,8.3545,7.7002
9,3297.8,9,8,8.3594,7.7197
9,3297.9,9,8,8.3643,7.6904
9,3298,9,8,8.3545,7.7295
9,3298.1,9,8,8.3301,7.7295
9,3298.2,9,8,8.374,7.7295
9,3298.3,9,8,8.3691,7.6953
9,3298.4,9,8,8.3643,7.7002
9,3298.5,9,8,8.374,7.7295
9,3298.6,9,8,8.3936,7.6953
9,3298.7,9,8,8.3643,7.7246
9,3298.8,9,8,8.3887,7.6953
9,3298.9,9,8,8.3691,7.7148
9,3299,9,8,8.3594,7.6855
9,3299.1,9,8,8.3789,7.7197
9,3299.2,9,8,8.3984,7.6953
9,3299.3,9,8,8.3789,7.7295
9,3299.4,9,8,8.3838,7.7344
9,3299.5,9,8,8.3643,7.7148
9,3299.6,9,8,8.3838,7.6953
9,3299.7,9,8,8.3789,7.6904
9,3299.8,9,8,8.3643,7.7148
10,3569.9,10,8,8.3643,7.6758
10,3570,10,8,8.3496,7.6855
10,3570.1,10,8,8.3594,7.666
10,3570.2,10,8,8.3447,7.7051
10,3570.3,10,8,8.3398,7.6855
10,3570.4,10,8,8.3008,7.6758
10,3570.5,10,8,8.3545,7.71
10,3570.6,10,8,8.335,7.7002
10,3570.7,10,8,8.3594,7.7051
10,3570.8,10,8,8.3008,7.71
10,3570.9,10,8,8.3594,7.6709
10,3571,10,8,8.3496,7.6855
10,3571.1,10,8,8.3252,7.71
10,3571.2,10,8,8.3643,7.6855
10,3571.3,10,8,8.3691,7.6855
10,3571.4,10,8,8.3643,7.6758
10,3571.5,10,8,8.3447,7.6904
10,3571.6,10,8,8.3691,7.6758
10,3571.7,10,8,8.3496,7.6953
10,3571.8,10,8,8.3691,7.6855
10,3571.9,10,8,8.335,7.6953
10,3572,10,8,8.3447,7.7002
10,3572.1,10,8,8.374,7.6758
10,3572.2,10,8,8.335,7.7246
10,3572.3,10,8,8.3301,7.7148
10,3572.4,10,8,8.3545,7.7051
10,3572.5,10,8,8.3545,7.6758
10,3572.6,10,8,8.3447,7.6855
10,3572.7,10,8,8.3643,7.6807
10,3572.8,10,8,8.335,7.7148
10,3572.9,10,8,8.3105,7.7148
10,3573,10,8,8.3398,7.7197
10,3573.1,10,8,8.3398,7.7148
10,3573.2,10,8,8.3496,7.6953
10,3573.3,10,8,8.3545,7.7148
10,3573.4,10,8,8.3301,7.7295
10,3573.5,10,8,8.3447,7.6953
10,3573.6,10,8,8.3301,7.7051
10,3573.7,10,8,8.3691,7.7051
10,3573.8,10,8,8.3447,7.6855
10,3573.9,10,8,8.3496,7.6855
10,3574,10,8,8.3398,7.7197
10,3574.1,10,8,8.3301,7.6807
10,3574.2,10,8,8.3301,7.6855
10,3574.3,10,8,8.3691,7.6855
10,3574.4,10,8,8.3301,7.7148
10,3574.5,10,8,8.3301,7.7051
10,3574.6,10,8,8.335,7.7148
10,3574.7,10,8,8.335,7.7246
10,3574.8,10,8,8.3301,7.71
10,3574.9,10,8,8.3545,7.6807
10,3575,10,8,8.3643,7.6807
10,3575.1,10,8,8.3154,7.71
10,3575.2,10,8,8.3154,7.6904
10,3575.3,10,8,8.3398,7.7051
10,3575.4,10,8,8.3691,7.6855
10,3575.5,10,8,8.3496,7.6953
10,3575.6,10,8,8.3496,7.71
10,3575.7,10,8,8.3594,7.7002
10,3575.8,10,8,8.3398,7.7197
10,3575.9,10,8,8.3643,7.7051
10,3576,10,8,8.335,7.7051
10,3576.1,10,8,8.3301,7.7148
10,3576.2,10,8,8.335,7.6807
10,3576.3,10,8,8.3398,7.71
10,3576.4,10,8,8.3252,7.71
10,3576.5,10,8,8.3643,7.71
10,3576.6,10,8,8.3594,7.6855
10,3576.7,10,8,8.3301,7.7295
10,3576.8,10,8,8.3691,7.6807
10,3576.9,10,8,8.335,7.7148
10,3577,10,8,8.3691,7.6953
10,3577.1,10,8,8.3496,7.7197
10,3577.2,10,8,8.3496,7.7148
10,3577.3,10,8,8.335,7.7197
10,3577.4,10,8,8.3496,7.7197
10,3577.5,10,8,8.3301,7.6904
10,3577.6,10,8,8.3691,7.6758
10,3577.7,10,8,8.3398,7.71
10,3577.8,10,8,8.374,7.7148
10,3577.9,10,8,8.335,7.7197
10,3578,10,8,8.3643,7.7148
10,3578.1,10,8,8.3447,7.7197
10,3578.2,10,8,8.3643,7.6807
10,3578.3,10,8,8.3301,7.7197
10,3578.4,10,8,8.3643,7.6807
10,3578.5,10,8,8.3691,7.6855
10,3578.6,10,8,8.3545,7.6904
10,3578.7,10,8,8.3496,7.6953
10,3578.8,10,8,8.3496,7.6953
10,3578.9,10,8,8.335,7.6953
10,3579,10,8,8.3496,7.7148
10,3579.1,10,8,8.335,7.7002
10,3579.2,10,8,8.3691,7.7002
10,3579.3,10,8,8.3594,7.6904
10,3579.4,10,8,8.3301,7.7148
10,3579.5,10,8,8.3496,7.7197
10,3579.6,10,8,8.3203,7.7002
10,3579.7,10,8,8.335,7.7148
10,3579.8,10,8,8.3691,7.6953
10,3579.9,10,8,8.3398,7.6807
10,3580,10,8,8.3447,7.6758
10,3580.1,10,8,8.3447,7.7051
10,3580.2,10,8,8.335,7.7197
10,3580.3,10,8,8.335,7.7051
10,3580.4,10,8,8.3496,7.71
10,3580.5,10,8,8.3447,7.71
10,3580.6,10,8,8.3496,7.7002
10,3580.7,10,8,8.3496,7.71
10,3580.8,10,8,8.3545,7.6953
10,3580.9,10,8,8.3496,7.71
10,3581,10,8,8.3447,7.7148
10,3581.1,10,8,8.3398,7.7197
10,3581.2,10,8,8.3643,7.6953
10,3581.3,10,8,8.335,7.7197
10,3581.4,10,8,8.3643,7.7148
10,3581.5,10,8,8.3594,7.6904
10,3581.6,10,8,8.3691,7.7197
10,3581.7,10,8,8.3496,7.6562
10,3581.8,10,8,8.3594,7.7344
10,3581.9,10,8,8.3643,7.7051
10,3582,10,8,8.3594,7.7002
10,3582.1,10,8,8.3789,7.6953
10,3582.2,10,8,8.3594,7.7246
10,3582.3,10,8,8.3545,7.7051
10,3582.4,10,8,8.3789,7.7197
10,3582.5,10,8,8.3691,7.6953
10,3582.6,10,8,8.3838,7.7051
10,3582.7,10,8,8.335,7.6855
10,3582.8,10,8,8.3447,7.7051
10,3582.9,10,8,8.3691,7.6807
10,3583,10,8,8.3838,7.6953
10,3583.1,10,8,8.3838,7.6904
10,3583.2,10,8,8.3789,7.7051
10,3583.3,10,8,8.3691,7.71
10,3583.4,10,8,8.3691,7.6855
10,3583.5,10,8,8.3447,7.71
10,3583.6,10,8,8.3496,7.7051
10,3583.7,10,8,8.3398,7.7197
10,3583.8,10,8,8.3447,7.71
10,3583.9,10,8,8.3496,7.6611
10,3584,10,8,8.3545,7.71
10,3584.1,10,8,8.3545,7.7148
10,3584.2,10,8,8.3838,7.6855
10,3584.3,10,8,8.3398,7.7051
10,3584.4,10,8,8.3789,7.6953
10,3584.5,10,8,8.3545,7.6953
10,3584.6,10,8,8.374,7.7002
10,3584.7,10,8,8.3398,7.7051
10,3584.8,10,8,8.3594,7.71
10,3584.9,10,8,8.3789,7.6807
10,3585,10,8,8.3496,7.7148
10,3585.1,10,8,8.3838,7.7051
10,3585.2,10,8,8.3594,7.7051
10,3585.3,10,8,8.3984,7.7295
10,3585.4,10,8,8.374,7.6855
10,3585.5,10,8,8.3838,7.71
10,3585.6,10,8,8.3496,7.7051
10,3585.7,10,8,8.3691,7.6807
10,3585.8,10,8,8.3496,7.7246
10,3585.9,10,8,8.3887,7.7002
10,3586,10,8,8.3838,7.6807
10,3586.1,10,8,8.3496,7.7148
10,3586.2,10,8,8.3789,7.7002
10,3586.3,10,8,8.3545,7.6953
10,3586.4,10,8,8.3643,7.7002
10,3586.5,10,8,8.3838,7.6953
10,3586.6,10,8,8.3691,7.7295
10,3586.7,10,8,8.3594,7.7295
10,3586.8,10,8,8.3496,7.7344
10,3586.9,10,8,8.3838,7.6855
10,3587,10,8,8.374,7.71
10,3587.1,10,8,8.3887,7.6953
10,3587.2,10,8,8.3984,7.6807
10,3587.3,10,8,8.3594,7.7246
10,3587.4,10,8,8.3984,7.6904
10,3587.5,10,8,8.3887,7.6953
10,3587.6,10,8,8.4033,7.6953
10,3587.7,10,8,8.3789,7.7051
10,3587.8,10,8,8.3691,7.7197
10,3587.9,10,8,8.3643,7.7295
10,3588,10,8,8.4033,7.6953
10,3588.1,10,8,8.374,7.7246
10,3588.2,10,8,8.374,7.6904
10,3588.3,10,8,8.3643,7.7051
10,3588.4,10,8,8.3936,7.6953
10,3588.5,10,8,8.3691,7.7246
10,3588.6,10,8,8.3887,7.6953
10,3588.7,10,8,8.4033,7.7051
10,3588.8,10,8,8.3838,7.7148
10,3588.9,10,8,8.4082,7.6953
10,3589,10,8,8.3643,7.7441
10,3589.1,10,8,8.4033,7.7148
10,3589.2,10,8,8.4033,7.7197
10,3589.3,10,8,8.4033,7.6953
10,3589.4,10,8,8.3789,7.7051
10,3589.5,10,8,8.3643,7.7295
10,3589.6,10,8,8.374,7.7197
10,3589.7,10,8,8.3936,7.7051
10,3589.8,10,8,8.3594,7.7051
10,3589.9,10,8,8.374,7.7197
10,3590,10,8,8.3887,7.7051
10,3590.1,10,8,8.3936,7.7002
10,3590.2,10,8,8.3984,7.7002
10,3590.3,10,8,8.3643,7.7246
10,3590.4,10,8,8.374,7.7295
10,3590.5,10,8,8.3789,7.7197
10,3590.6,10,8,8.3691,7.71
10,3590.7,10,8,8.3936,7.7002
10,3590.8,10,8,8.3789,7.7002
10,3590.9,10,8,8.374,7.7197
10,3591,10,8,8.3887,7.7148
10,3591.1,10,8,8.3936,7.71
10,3591.2,10,8,8.3838,7.7393
10,3591.3,10,8,8.374,7.7148
10,3591.4,10,8,8.3691,7.7393
10,3591.5,10,8,8.4131,7.7051
10,3591.6,10,8,8.3936,7.7148
10,3591.7,10,8,8.3789,7.7344
10,3591.8,10,8,8.3936,7.7197
10,3591.9,10,8,8.3887,7.71
10,3592,10,8,8.3643,7.7246
10,3592.1,10,8,8.3691,7.71
10,3592.2,10,8,8.374,7.7344
10,3592.3,10,8,8.3643,7.7295
10,3592.4,10,8,8.374,7.7246
10,3592.5,10,8,8.4082,7.7051
10,3592.6,10,8,8.4033,7.7246
10,3592.7,10,8,8.4033,7.6953
10,3592.8,10,8,8.4082,7.7295
10,3592.9,10,8,8.3984,7.7295
10,3593,10,8,8.374,7.7344
10,3593.1,10,8,8.4082,7.7002
10,3593.2,10,8,8.4424,7.7002
10,3593.3,10,8,8.418,7.7148
10,3593.4,10,8,8.418,7.7197
10,3593.5,10,8,8.3887,7.7295
10,3593.6,10,8,8.374,7.7441
10,3593.7,10,8,8.418,7.7051
10,3593.8,10,8,8.4131,7.7051
10,3593.9,10,8,8.3984,7.7197
10,3594,10,8,8.3984,7.7197
10,3594.1,10,8,8.3838,7.7246
10,3594.2,10,8,8.3984,7.7197
10,3594.3,10,8,8.374,7.7393
10,3594.4,10,8,8.3838,7.7051
10,3594.5,10,8,8.3887,7.7002
10,3594.6,10,8,8.3838,7.7344
10,3594.7,10,8,8.3789,7.749
10,3594.8,10,8,8.4082,7.71
10,3594.9,10,8,8.3936,7.7393
10,3595,10,8,8.4082,7.7197
10,3595.1,10,8,8.3789,7.7344
10,3595.2,10,8,8.3838,7.7441
10,3595.3,10,8,8.3789,7.7393
10,3595.4,10,8,8.4131,7.7051
10,3595.5,10,8,8.3789,7.7344
10,3595.6,10,8,8.3984,7.7051
10,3595.7,10,8,8.3691,7.7246
10,3595.8,10,8,8.4033,7.7051
10,3595.9,10,8,8.4033,7.7002
10,3596,10,8,8.3984,7.7197
10,3596.1,10,8,8.3887,7.7246
10,3596.2,10,8,8.3838,7.7344
10,3596.3,10,8,8.374,7.7344
10,3596.4,10,8,8.3789,7.7344
10,3596.5,10,8,8.3887,7.7295
10,3596.6,10,8,8.3887,7.6953
10,3596.7,10,8,8.3691,7.7441
10,3596.8,10,8,8.3936,7.7148
10,3596.9,10,8,8.4033,7.7344
10,3597,10,8,8.3936,7.7246
10,3597.1,10,8,8.3691,7.7246
10,3597.2,10,8,8.3643,7.7295
10,3597.3,10,8,8.4082,7.7197
10,3597.4,10,8,8.4033,7.7246
10,3597.5,10,8,8.4033,7.7393
10,3597.6,10,8,8.3643,7.7393
10,3597.7,10,8,8.4033,7.7051
10,3597.8,10,8,8.3789,7.7197
10,3597.9,10,8,8.3887,7.7051
10,3598,10,8,8.3936,7.7246
10,3598.1,10,8,8.4033,7.6904
10,3598.2,10,8,8.3984,7.7393
10,3598.3,10,8,8.3936,7.6953
10,3598.4,10,8,8.3936,7.7295
10,3598.5,10,8,8.3643,7.7051
10,3598.6,10,8,8.3643,7.6953
10,3598.7,10,8,8.3789,7.7246
10,3598.8,10,8,8.3936,7.7197
10,3598.9,10,8,8.3838,7.7197
10,3599,10,8,8.4082,7.71
10,3599.1,10,8,8.4033,7.7295
10,3599.2,10,8,8.3838,7.7588
10,3599.3,10,8,8.374,7.6953
10,3599.4,10,8,8.3643,7.6953
10,3599.5,10,8,8.3594,7.6904
10,3599.6,10,8,8.4082,7.71
10,3599.7,10,8,8.3887,7.7197
10,3599.8,10,8,8.3594,7.7393
